original_index,raw_text,topic,subcorpus
0,"For those who don’t know, Michael Aquino was a Psychological Warfare Specialist in the US Army from 1968 until 1990, when he was involuntarily discharged as a result of investigations into his involvement in the ritual sexual abuse of children at the Presidio Day Care Center in San Francisco.

Throughout this same time, he has also been a devout satanist and self-confessed neo-Nazi. He joined Anton LaVey’s Church of Satan in 1969, staying until 1975 when he left to start his own Temple of Set, which has been in operation ever since.

Please note here that both psyops and satanism involve using many levels of deception and coercion to manipulate the perceptions of others for ulterior motives, so these are skills that Aquino is very familiar with and very comfortable in using.

He is also an expert in propaganda and skilled in techniques for disseminating misinformation/ disinformation, and using misdirection, confusion tactics, isolation techniques, and revisionism.

Therefore, he will certainly use these skills to defend himself against the truth of his actions.

Michael Aquino explains that his name keeps coming up in pedophile-ring cases because he’s the victim of a conspiracy (a ‘black bag job’, as he calls it). He bases this on the fact that he’s a satanist and so people just automatically hate him because of it.

Unfortunately for him, making such a bad choice in lifestyle and philosophy doesn’t excuse him from anything, although in his particular case it certainly does lend weight to the allegations against him and even invites them, so he shouldn’t really complain about it.

He tends to keep his perceptions of all this bad publicity focused strictly on the Presidio child abuse case in which he was a central figure during the 1980s, since that’s the only one he’s ever had to legally defend himself against (so far).

Even in this one isolated case, he only dares to focus on it as far as his own limited version of the facts go, and he totally avoids acknowledging the larger body of evidence that implicates him personally.

Similarly, he totally overlooks the longer history of events he’s been implicated in by various sources who are far removed from one another and who couldn’t possibly be engaged in any sort of conspiracy against him.

Whatever the case, I’m not going to attempt to detail all of the evidence against Michael Aquino here, since there’s far too much of it for this short article. I merely want to put his claim of conspiracy into proper perspective, in order to show how absurd it really is.

Time after time, Michael Aquino has been pointed at as a ruthlessly evil defiler and abuser of the most innocent and defenseless among us – young children – and it was as early as 1980 that the putrid history of his involvement in pedophilia and mind control can be traced back to (at least in the public records), but it probably goes back much further.

The following provides a short historical record of events that ties Aquino to a larger criminal syndicate operating through the US government, and reveals his position within it.

* * *

1967 – Michael Aquino began a two-year tour of duty in Vietnam, taking part in the infamous Phoenix Program.

The Phoenix Program was an assassination/torture/terror operation that was initiated by the CIA, with the aim of ‘neutralizing’ the civilian infrastructure that supported the Viet Cong insurgency in South Vietnam.

It was a terrifying ‘final solution’ that blatantly violated the Geneva Conventions. Targets for assassination included VC tax collectors, supply officers, political cadre, local military officials, and suspected sympathizers.

However, ‘faulty intelligence’ more often than not led to the murder of innocent civilians, even young children. Sometimes orders were even given to kill US military personnel who were considered security risks.

In 1971, William Colby, head of CIA in Vietnam at the time, later testified that the number killed was 20,857, while South Vietnamese government figures claimed it was 40,994 dead.

This murderous psyop program had the effect of creating legions of cold-blooded psychopathic killers who would return home to the USA as completely different people than when they left.

Many of them would become involved in satanism during or after their involvement in the Phoenix Program. And Michael Aquino was there to lead them into it.

Soon after these killers started coming home, there began a steady rise in horrific serial murders with satanic undertones that centered around the southern California area (where Michael Aquino has always lived).

1980 – According to sworn testimony given before a US Senate in later years, MKULTRA mind-control victim Cathy O’Brien claimed that she was programmed at Fort Campbell, Kentucky, in 1980 by Lt. Col. Michael Aquino of the US Army.

She stated that Aquino used barbaric trauma techniques on both her daughter Kelly and herself that involved NASA technology.

Cathy O’Brien claimed that she was a ‘presidential model’ Monarch sex slave, meaning that she was specially programmed to cater to the sexual perversions of the highest-ranking politicians in the USA.

The Cathy O’Brien Story – The Most Dangerous Game – Warning Graphic Genital Mutilation! Cathy showing the carving of Baphomet on her vagina done by Michael Aquino:

1982 (September 5) – Twelve-year-old Johnny Gosch was abducted from a shopping mall parking lot in West Des Moines, Iowa, while doing his early-morning paper route, never to be seen again.

Years later, during an interview with private investigator Ted Gunderson [former head of the FBI], child abductee and sex slave victim Paul Bonacci revealed that, as a child, he was directly involved in Gosch’s abduction, having acted as a lure to draw Gosch into the hands of his pedophile abductors.

According to Bonacci, the abduction was ordered by Lt. Col. Michael Aquino, who later picked Gosch up at a farmhouse he was being held at and delivered him to a buyer in Colorado. For years, both boys were used for the pedophiliac pleasures of high-ranking government officials.

1985 – Allegations of ritual abuse at the Jubilation Day Care Center at Fort Bragg erupted when several children reported being sexually abused by a number of people at the day care center and several other locations, including at least two churches.

Lt. Col. Michael Aquino was identified as having been present at one of those churches.

1986 (November) – Allegations emerged regarding sexual abuse being perpetrated at the US Army’s Presidio Child Development Center in San Francisco. Within a year, at least 60 victims were identified, all between the ages of three and seven.

Victims told of being taken to private homes to be abused, and at least three houses were positively identified, one of them being Aquino’s.

They also described being urinated and defecated upon, and being forced to ingest urine and feces.

Irrefutable medical evidence documented the fact that these children were sexually abused, including five who had contracted chlamydia, and many others who showed clear signs of anal and genital trauma consistent with violent penetration.

Even before the abuse was exposed, the children were exhibiting radical changes in behavior, including temper outbursts, sudden mood shifts, and poor impulse control.

Both Lt. Col Michael Aquino and his satanist wife Lilith were positively identified by victims as two of the perpetrators.

At least one victim was able to positively identify Aquino’s home and describe with uncanny accuracy the distinctively satanic interior of the house.

Only one person was ever charged for the abuse of one child, and these charges were dismissed three months later.

1987 (August 14) – As part of the Presidio investigation, a search warrant was served on the residence of Lt. Col. Michael Aquino and his wife Lilith, and numerous videotapes, photographs, photo albums, photographic negatives, cassette tapes, and address books were confiscated.

Also observed during the search was what appeared to be a soundproof room that may have been used as a torture chamber.

1987 (November) – The US Army received allegations of child abuse at fifteen of its day care centers and several elementary schools. There were also at least two other cases at Air Force day care centers, and another one at a center run by the US Navy.

In addition to these, a special team of experts were sent to Panama to help determine if as many as ten children at a Department of Defense elementary school were molested and possibly infected with AIDS.

Another case also emerged in a US-run facility in West Germany. These cases occurred at some of the most esteemed military bases in the country, including Fort Dix, Fort Leavenworth, Fort Jackson, and West Point.

In the West Point case alone, by the end of the year, fifty children were interviewed by investigators. There were reports of satanic acts, animal sacrifices, and cult-like behavior among the abusers.

An investigation led by former US Attorney Rudolph Giuliani produced no federal grand jury indictments. His investigation concluded that only one or two children were abused, in spite of all the evidence to the contrary.

1988 (November 4) – The FBI raided the Franklin Credit Union in Omaha, Nebraska, run by a man named Lawrence King.

In the process, they uncovered evidence relating to drug running, pedophilia, pornography, and satanic activity involving prominent individuals in the local community and beyond.

Eighty children eventually came forward and identified many of those involved, including the chief of police (who impregnated one of the victims), a local newspaper publisher, a former vice squad officer, a judge, and others. The children described satanic ceremonies involving human and animal sacrifice.

Evidence that came out showed that children were abducted from shopping mall parking lots and auctioned off in Las Vegas and Toronto.

Airplanes owned by the DEA were often used to transport the children. Other children were removed from orphanages and foster homes and taken to Washington, DC to take part in sex orgies with dignitaries, congressmen, and other high-ranking public officials.

A number of the child victims testified that George Bush Sr. was one of the people who was often seen at these parties. Photographs were being surreptitiously taken at these orgies by the child traffickers for blackmail purposes.

There was also evidence of ties to mind-control programs being conducted at Offutt Air Force Base near Omaha, Nebraska, where the head of the Strategic Air Command (SAC) is located. Minot is an area that has satanic cults operating in it that have been directly tied to the Son of Sam and Manson murders, among others.

There was no follow-up investigation when these findings were made. The US national media didn’t report on the story.

Local media only focused on discrediting the witnesses. The FBI and other enforcement officers harassed and discredited victims in the aftermath, causing all but two of them – Paul Bonacci and Alisha Owen – to recant their testimonies.

The child victims, rather than the perpetrators, were thrown in prison. Alisha Owen spent more time in solitary confinement than any other woman in the history of the Nebraska penal system.

She received a sentence of 9 to 25 years for allegedly committing perjury, which is ten years longer than the sentence that was given to Lawrence King for looting his Franklin Credit Union of $40 million.

This heavy sentence imposed on Owen was meant to serve as a warning message to all other victims who might think of talking.

The key investigator in the case, Gary Caradori, was killed when his private plane mysteriously exploded in mid-air while en route to delivering evidence to Senator Loran Schmit.

His briefcase went missing from the wreckage. This was the first of many deaths of people attempting to uncover this politically connected satanic cult/ sex slave/ drug trafficking ring.

The Discovery Channel made a documentary about this case, entitled ‘Conspiracy of Silence’, but at the last moment, a group of unidentified US Congressmen paid them $500,000 to not air it, and all copies were destroyed (one copy survived).

Republican senator John DeCamp, who was on the investigative committee, wrote a book exposing the case, titled, The Franklin Cover-Up.

In 1999 (see below), Paul Bonacci, who had been kept as a child sex slave by Lawrence King, positively identified Lt. Col. Michael Aquino as an associate of King, who he said was known to the children only as ‘the Colonel’.

Rusty Nelson, King’s personal photographer, also identified Aquino as the man that he once saw King give a briefcase full of money and bearer bonds to, and who King had told him was involved in the Contra gun and cocaine trafficking operation being run by George Bush Sr. and Lt. Col. Oliver North.

1989 (May) – Lt. Col. Michael Aquino was again questioned in connection with child abuse investigations. This time, at least five children in three cities were making the accusations.

The children had seen Aquino in newspaper and television coverage of the Presidio case and immediately recognized him as one of their abusers. The children were from Ukiah, Santa Rosa, and Fort Bragg.

1990 (August 31) – Lt. Col. Michael Aquino was processed out of the Army after being investigated for satanic ritual child abuse in the Presidio case.

Although never formally charged, according to court documents, Aquino was ‘titled’ in a Report of Investigation by the Army’s Criminal Investigative Division (CID) for “indecent acts with a child, sodomy, conspiracy, kidnapping, and false swearing”.

The child abuse charges remained against Aquino because, according to the CID, the evidence of alibi offered by Aquino “was not persuasive.”

Aquino has since denied that he was ever processed out of the Army and even claims that he was selected as one of their first Space Intelligence Officers during this same year, and was stationed at Cheyenne Mountain for four years of active duty before retiring. There is no evidence that this is true.

1992 – (Although this entry isn’t directly connected to Michael Aquino, it directly relates to the cover up of events that he and his pedophile cronies have been involved in.)

After being accused of molestation as a child by their daughter, Peter and Pamela Freyd established the False Memory Syndrome Foundation (FMSF).

The original board members included doctors who were directly involved in MKULTRA mind-control programs, such as expert hypnotist Martin Orne and Dr. Louis Jolyin West, as well as many others who have been accused of child sexual abuse.

One board member, Richard Ofshe, is an alleged expert on coercive persuasion techniques, and another, Margaret Singer, was a government expert on cults and cult tactics.

Elizabeth Loftus is an expert on memory. The mandate of the FMSF has always been to discredit the recovered memories of people who report having been traumatically abused as children – usually by claiming that the child’s therapist has implanted false memories – and to develop legal defenses for protecting pedophiles in court.

They have resorted to lies, intimidation, character assassination, legal tactics, and coercing victims to recant their claims and sue their therapists for large settlements.

The FMSF has routinely argued in court cases that satanic ritual abuse (SRA) and multiple personality disorder (MPD) don’t exist, and the organization and its members have specifically targeted any therapists who claim that they do.

This defense strategy, which has proven to be quite successful, has allowed victims of trauma-based mind-control and ritual abuse to be completely discredited, while allowing their perpetrators to continue their activities unimpeded.

At about the time that the FMSF was established, a number of mind-control and ritual abuse victims were starting to remember being involved in these events, and this threatened to expose the perpetrators, so it was important that a means to discredit them was put in place.

The False Memory Syndrome Foundation was created by known pedophiles and its board was fortified with CIA mind-control experts who cut their teeth on MKULTRA victims. Many of them are known to be closely associated with Michael Aquino.

This organization of pedophiles and mind-control experts have been very instrumental in covering for Aquino and other pedophiles while destroying the lives and careers of their victims, the victim’s families, and their therapists, even long after these pedophiles performed their vile acts against them.

1995 – Diana Napolis was a Child Protection Services investigator in San Diego who was alarmed by the increasing number of children who were reporting satanic ritual abuse, starting as far back as the mid-1980s.

Napolis went undercover online in 1995 and approached Aquino and several others who were associated with him, while also posting information and evidence relating to these crimes and these people’s involvement in them.

In response, Aquino and his associates (several of them from the False Memory Syndrome Foundation) cyber-stalked Napolis for five years and finally tracked her down in 2000, thereby discovering her real identity.

At this point, Napolis’ efforts to expose these people were defeated, with Aquino and associates using their power and influence to pose themselves as the victims and accusing her of cyber-stalking, as well as engaging in assassinating her character both online and through the media.

Napolis was also targeted with directed-energy weapons (V2K) and set up to appear mentally unstable, with claims that she was stalking various celebrities.

This resulted in her spending a year in jail and several more months in a mental facility, and eventually being forced to quit her job.

The character assassination continued against her, with someone claiming to be Napolis posting insane ravings on the internet in order to make her appear crazy.

A reporter at the San Diego Union Tribune was working for Aquino and his cronies by painting Napolis in a bad light in news reports, accusing her of cyber-stalking, making threats, and acting crazy.

Aquino was publicly complaining that she was causing serious problems for him and his fellow pedophiles.

Nonetheless, the article at the first link below clearly reveals the one-sided reporting on this story by the San Diego Union Tribune and the fact that if anyone was being cyber-stalked, it was Napolis.

The second link below is Napolis’ far more professional and believable response to the article:

The point of going after Napolis so publicly served several agendas. First, it was a public warning to anyone else who might attempt to expose the increasing satanic ritual abuse that was going on and the people behind it.

Second, it acted to deflate the satanic ritual abuse scare that was mounting, making it appear to be nothing more than the ravings of delusional people.

Third, it assured that stealing other people’s children using child protection services could continue. Fourth, (with the help of the FMSF) it made out children’s claims of molestation and satanic ritual abuse to be nothing more than false memories.

1999 (February 5) – In US District Court in Lincoln, Nebraska, a hearing was held in the matter of Paul A. Bonacci v. Lawrence E. King, a civil action in which Bonacci charged that he had been ritualistically abused by King as part of a nationwide pedophile ring that was linked to powerful political figures in Washington and to elements of the US military and intelligence agencies.

During the hearing, Noreen Gosch, whose twelve-year-old son Johnny had been abducted in 1982, provided the court with sworn testimony linking US Army Lt. Col. Michael Aquino to the nationwide pedophile ring.

“Well, then there was a man by the name of Michael Aquino. He was in the military. He had top Pentagon clearances. He was a pedophile. He was a Satanist. He’s founded the Temple of Set.

“And he was a close friend of Anton LaVey. The two of them were very active in ritualistic sexual abuse. And they deferred funding from this government program to use [in] this experimentation on children.

“Where they deliberately split off the personalities of these children into multiples, so that when they’re questioned or put under oath or questioned under lie detector, that unless the operator knows how to question a multiple-personality disorder, they turn up with no evidence.

“They used these kids to sexually compromise politicians or anyone else they wish to have control of. This sounds so far out and so bizarre I had trouble accepting it in the beginning myself until I was presented with the data. We have the proof. In black and white.”

Paul Bonacci, who was a victim of this nationwide pedophile crime syndicate, subsequently identified Aquino as the man who ordered the kidnapping of Johnny Gosch.

Three weeks after the hearing, on February 27, Judge Warren K. Urbom ordered Lawrence King to pay $1 million in damages to Bonacci.

* * *

The question here isn’t whether Michael Aquino is guilty of being one of the world’s most despicable pedophiles and mind-control programmers ever to crawl out of a toilet, which the evidence makes quite clear.

Rather, the question is whether there is a conspiracy against him by all of these people (including young children) making these allegations against him over the years, and for what reason?

After all, this is exactly what he claims to be the case, and this is how he has attempted to excuse these many claims against him.

Conspiracy or not, it certainly is quite unusual for his name to come up in so many cases of child abuse and sex slavery.

I counted up to 200 child victims in the above listed events, all of who would have had to be carefully coached to lie without being tripped up by a more intelligent adult during questioning.

And then there are all the doctors who were involved in examining these children and who claimed that many of them had definite physical signs of having been sexually violated, who would also have to be in on it.

And there are also the children’s parents who would have had to have been either very easily deceived by their own children, or were in on the conspiracy as well.

And of course, there are also all of the investigators, lawyers, judges, etc. who supposedly conspired against Aquino in the Presidio case.

Occam’s Razor dictates that the simplest explanation that requires the least assumptions to be made is usually the most accurate one, and so Aquino’s explanation that he’s a victim of a conspiracy lacks any plausibility whatsoever when compared to the alternative explanation that all these people are speaking honestly and are supported by a very large amount of evidence that explains and exposes the inner machinations of the criminal syndicate that Aquino has been deeply involved in throughout his military career.

This criminal syndicate has been central to all mind-control programs and all psychological operations that have been playing out on the American population since at least 1947, when the CIA was first established and its ranks filled with Paperclip Nazis and their fascist American sympathizers, soon after which the first mind-control programs began.

These programs have been central to Michael Aquino’s position within the government as well as within this syndicate of criminals and pedophiles.

This criminal syndicate requires psychopathic ‘Masters of Evil’ to handle certain aspects of their operations – people who are well trained in the psychological manipulation and physical torture and trauma of others to the point of breaking their wills completely in order to turn them into mind-controlled slaves to be used by this syndicate for their criminal activities and sick pleasures.

Unlike anyone else, Michael Aquino has the necessary credentials for such a position. However, he’s only one among a much larger group of equally evil men and women involved in these activities.

This criminal syndicate, which involves a great many of the most powerful people in the world, is involved in blackmail, torture, murder, drug trafficking, arms trafficking, human trafficking, pornography, pedophilia, terrorism, and mind control.

People like Michael Aquino, who have spent their life working for this syndicate, are completely protected from the law, and this is why they always manage to avoid being exposed and made to pay for their crimes.

If you know of any other cases of mind-control or pedophilia that involve Michael Aquino beyond those mentioned above, please let me know. This evil sub-human is getting old, and it wouldn’t be fair if he died before he gets what’s due him.",pizzagate,conspiracy
23937,"When Selwyn Raab first published his 765-page jeremiad Five Families: The Rise, Decline, and Resurgence of America’s Most Powerful Mafia Empires, the year was 2005 and the Mob was, in Raab’s words, “a crushed colossus.” Decades of indictments brought under the RICO law had vanquished even the most fearsome mobsters; Bonanno crime boss Joseph Massino had just flipped sides for the Feds the year before, and two years prior to that, John “The Teflon Don” Gotti had died a lonely death in a Missouri prison hospital far from the streets of New York.

The book, which drew from Raab’s four-decade career investigating the Mob for the metropolitan desk of The New York Times, has since been hailed as the definitive account on all things Cosa Nostra, complete with painstakingly detailed family trees and whole appendixes dedicated to things like “Mafia Boss Succession.” (Raab later became a consultant for AMC’s 10-part series The Making of the Mob, among others.) Yet despite the prevailing belief that the Mob had been defeated – and the fact that Raab himself had spent nearly 700 pages illustrating the elaborate terms of this crushing defeat – he devoted the last 20 pages to the likelihood of the “resurgence” referred to in its lengthy subtitle.

“This [was] a stretch,” chalked up to “an apparent attempt to buoy [the book’s] relevance,” decided Bryan Burrough in the Times‘ original 2005 review. Most in New York would’ve agreed with him. But Raab, in all his expertise, had the foresight that many at this time did not. He believed the September 11th attacks four years earlier had so dramatically shifted the priority of the FBI’s New York bureau – the largest in the nation – from organized crime to homeland security, that the mafia would be poised for a comeback.

“The Mob was on the ropes and really needed only one or two more crushing blows before the FBI could really turn these people into old street gangs,” says Raab. “That changed after 9/11.”

He was right. Even fictional mobsters like Tony Soprano got a reprieve when the FBI agent who had tailed him for five seasons, Dwight Harris, was reassigned to an anti-terrorism case in Pakistan after September 11th — and was kept from his original pursuit of the mob boss even after returning to the U.S. (“That job you got now must be depressing,” Tony’s nephew Christopher tells Harris. “How goes the war on terror anyway?”)

And so the mafia has been able to gain ground and even resurface from time to time for the kind of public spectacle that once was commonplace. In 2011, the bureau made the largest bust in U.S. history, arresting 127 people (more than 30 of them “made men”) on charges ranging from narcotics trafficking and extortion to murder, proving the families are still out there. And just this summer, the Feds busted an operation coined the “East Coast La Cosa Nostra Enterprise” which produced 46 arrests and saw an elaborate crime ring, led by an ex-Philadelphia Mob boss, extending from Massachusetts all the way down to south Florida.

Ten years have passed since Raab, now 82, published his legendary tome. This year, he decided it was time to give Five Families an update for the modern age with an anniversary addition that clues readers in on recent developments. Rolling Stone talked to Raab to hear what the Bonanno, Genovese, Gambino, Colombo and Lucchese families are up to in 2016.

What made you want to revisit this book?

Just the survival of these guys, it’s amazing. They have more than nine lives, especially in New York. It was obvious that a lot had changed over 10 years and that the book needed updating. Everyone is always writing obituaries on these guys, especially after Gotti was convicted, but they’re always wrong.

Just how big a factor was 9/11 in helping these guys survive?

A major, major factor. Priorities for law enforcement are always shifting, but until 9/11, they were doing so well. The FBI also had the buildup of expertise by having people who really knew what they were doing, so in terms of shift emphasis, there’s no question it was a reprieve. There were two major interests or priorities for the New York bureau since the beginning of the Cold War: one was counterespionage, the other was organized crime. But all that changed after 9/11. As an example, combined FBI, New York Police and some other organized crime task forces in the New York area went from 300 or 400 agents, down to 20 or 30. When you don’t have the personnel, you’re not going to have the indictments or convictions.

Will the FBI’s focus ever shift back to the Mafia?

I’m no soothsayer, but it’s certainly not a priority now. The scare today, justifiably, is from terrorism, not from the Mafia. You can see that in politics, in the election, and every time there’s another attack like San Bernardino or the recent bombing in New York – but when you leave [Mafia members] alone, they recoup. And that’s always been the problem. They have an organizational framework such that makes it so it doesn’t matter if you take out the leader. It’s not like drugs or even bank robberies where if you take out the leader, the operation is gone. They’re all replaceable. Somebody moves in to continue the operation – and I thought that this East Coast cooperative, where they were working from Massachusetts all the way down to Florida, was pretty good evidence of that — and the Mafia is still effective and still making inroads.

You write that the Mob has become a “perennial favorite theme for the entertainment industry.” How has this helped them in the modern age?

There are an immense amount of mafia groupies. There’s a perverse aspect to this because it gets kids and young people interested in this feeling that [Mafia members] lives are glamorous and a way of beating the system. Hollywood and TV don’t dismiss them as venal or pernicious. I think for very vulnerable people you get this vicarious kick that there’s something to this life. Part of it comes from this anti-establishment thing. John Gotti personified this, that by being anti-establishment, anti-government you could somehow succeed in life and be envied. Look at Gotti’s grandson’s wedding last year; he collected two million dollars and the place was swamped with people giving him gifts. [The entertainment industry] turns these people into icons and interesting characters who are anti-society. It doesn’t make them look like they’re token bad guys.

A great example was Sammy “The Bull” Gravano; when he saw The Godfather he was in his late teens and he said it made him feel proud to be an Italian and to join the Mafia. And that movie is repeated endlessly. What The Godfather also does is establish that there is good mafia and bad mafia by essentially showing a white hat mafia that was opposed to the introduction of narcotics, which was a total lie and mischaracterization. But the point was there were still Mafiosi who were doing good work, and that there were traditions that were virtuous. This helps them.

What role has the Internet played in the resurgence of the Mob?

You have to remember one thing — historically the Mafia is a carbon copy, or a mirror of American capitalism. The Internet is an important tool for the business and a lot of them use it for Internet gambling. And why not? People aren’t going to bookies the way they used to, they couldn’t compete by just having some old fashioned bookmaking with some guy with a telephone, and now that you can do it on the internet, they’re taking it over. It’s big, it’s a lot of money, and a lot that is transacted offshore so it’s easy to do and you don’t have to worry about it. They’re modern, they know what works. I thought one of the funny things about that East Coast cooperative, when they were caught, they were selling Viagra because there’s a big market for it — anything that works. Look, they’re not brilliant business people, they’ve never been for the most part; all they do is adapt or steal ideas, but one of their effective messages is that they can break your knee caps.

You write that in order to “counter defections,” newer Mafiosi have “initiated savage relations including murdering relatives of traitors.” What can you tell us about that? 

The long established rule was that anyone who was a civilian — not implicated in mafia activities — was immune. One of the reasons that’s changed is because of these so called “Zips.” That’s a nickname for Sicilian newcomers who are not members of the Sicilian mafia but recent immigrants, and they’ve pretty much taken over the Gambino family. And one of their effective methods [in the old country] was that if you became a rat or you in any way betrayed the Italian or Sicilian mafia, it wasn’t just you, but anybody in your family could be victimized. The Americans have now also taken that over and spread the word. You can’t pinpoint this practice down to one year, but “recently” would be the best way of describing when it began. But the point is, very simply: it’s a method to prevent people from becoming informers and betraying the Mafia. There’s stuff on tapes in which they talk about it – “If my kids have to suffer, why shouldn’t the rat’s kids have to suffer?” Stuff like that. It’s an effective tool, and again, they’re still getting reinforcements, they’re shipping more blood over from Sicily and Southern Italy.

What does it mean now that the Mafia, for the most part, live in the suburbs and not the inner cities?

It’s demographics. Most of the old Italian-American neighborhoods no longer exist, so mafia members, like everybody else, are now living in the suburbs. And there’s money to be made there. Besides that, the law enforcement there traditionally was never looked upon as a major threat, so it’s easier for them. And now that they’ve moved there, that’s where they want to operate. The market for traditional mafia bread and butter ideas – gambling, drugs, extortion – is there too, and so is the constituency. Little Italy, where you used to have all the social clubs, is nothing more than a collection of restaurants. Same thing in Bensonhurst [Brooklyn]. They no longer live there and don’t have to operate there.

But the big threat with the Mafia moving into the suburbs is that you need to make sure they never get so large again that they have political influence. That is the scariest aspect. They get the money, and then they get the influence. They can fix elections. They get lawyers. They get judges. They were so influential in politics and the court system and with that influence they could fix elections. Even as well into the latter part of the 20th century. It is going to be hard for them [to ever return that level of influence]. It took the Mafia years in American to learn how to do that. They didn’t start off with political clout, but they did develop it later on – there’s no question about that.",other,mainstream
1,"LEAD INVESTIGATOR — ROBERT MUELLER — Mueller was the sixth Director of the Federal Bureau of Investigation, serving from 2001 to 2013. A Republican, he was appointed by President George W. Bush and his original ten-year term was given a two-year extension by President Barack Obama, making him the longest-serving FBI director since J. Edgar Hoover.

 NOTE: Robert Mueller is a long time friend of James Comey. He was the person who Clinton had deliver a Uranium sample to Russia. After leaving the FBI in 2013, Mueller served a one-year term as consulting professor and the Arthur and Frank Payne distinguished lecturer at Stanford University, where he focused on issues related to cybersecurity. In addition to his speaking and teaching roles, Mueller also joined the law firm WilmerHale as a partner in its Washington office in 2014. Among other roles at the firm, he oversaw the independent investigation into the NFL’s conduct surrounding the video that appeared to show NFL player Ray Rice assaulting his fiancée.In January 2016, he was appointed as Settlement Master in the U.S. consumer litigation over the Volkswagen emissions scandal (as of May 11, 2017, the scandal has resulted in $11.2 billion in customer settlements). On October 19, 2016, Mueller began an external review of “security, personnel, and management processes and practices” at government contractor Booz Allen Hamilton after an employee was indicted for massive data theft from the National Security Agency.[34] On April 6, 2017, he was appointed as Special Master for disbursement of $850 million and $125 million for automakers and consumers, respectively, affected by rupture-prone Takata airbags.

1. JAMES QUARLES — Quarles is a former partner at WilmerHale and former assistant special prosecutor..

 NOTE: Former assistant special prosecutor on the Watergate Special Prosecution Force.

2. JEANNIE RHEE — Rhee is a former partner at WilmerHale who also served in the Office of Legal Counsel and as an assistant U.S. attorney for the District of Columbia.

 NOTE: Jeannie Rhee served for two years under Eric Holder and is former Deputy Assistant AG under Obama. .

 Jeannie Rhee is also a Clinton Foundation Lawyer and former Deputy Assistant Attorney General under Barack Obama.

3. ANDREW WEISSMANN — Weissmann served as general counsel at the FBI and was an assistant U.S. attorney for the Eastern District of New York. Weissmann is a veteran Justice Department prosecutor.

 NOTE: He was chief of the Criminal Division’s fraud section, who served as former director of the Enron Task Force and general counsel under Mueller at the FBI. And he is a campaign donor to Obama, DNC, and the Clinton campaign.

4. ANDREW GOLDSTEIN — Goldstein a public corruption prosecutor on detail from the U.S. Attorney’s Office in the Southern District of New York.

 NOTE — Worked under Preet Bharara in the liberal New York southern district.

5. ELIZABETH PRELOGAR — Prelogar is an appellate attorney on detail from the Office of the Solicitor General.

 NOTE: Fluent in Russian; former law clerk to Justices Ruth Bader Ginsburg and Elena Kagan.

6. BRANDON VAN GRACK — Van Grack is an attorney on detail from the National Security Division of the DOJ.

 NOTE: Led a grand jury inquiry in Northern Virginia scrutinizing former Trump associate Michael Flynn’s foreign lobbying.

7. RUSH ATKINSON — Atkinson is an attorney on detail from the Criminal Division’s Fraud Section of the DOJ.

 NOTE: A Clinton campaign donor.

8. ZAINAB AHMAD — Ahmad is a U.S. attorney in the Eastern District of New York.

 NOTE: A top national security prosecutor on detail from U.S. Attorney’s Office in the Eastern District of New York.

9. MICHAEL DREEBEN — Dreeben is an appellate attorney on detail from the Office of the Solicitor General.

 NOTE: Is described by former colleagues as one of the brightest criminal law experts of the past two generations. He has been a prolific Supreme Court advocate who oversees the Justice Department’s criminal appellate docket.

10. ADAM JED — Jed — Jed is an appellate attorney on detail from the Civil Division of the DOJ.

 NOTE: Defended Obamacare at the DOJ.

11. AARON ZEBLEY — Zebley is a former partner at WilmerHale, who previously served with Mueller at the FBI as chief of staff. Zebley served as an assistant U.S. attorney in the Eastern District of Virginia.

 NOTE: Worked with Robert Mueller at the WilmerHale firm.

12. AARON ZELINSKY — Zelinksy is an attorney on detail from the District of Maryland.

 NOTE — Worked under Assistant AG Rod Rosenstein in Maryland.

13. PETER CARR — Carr was a DOJ spokesman under Barack Obama.

 NOTE: Worked under Preet Bharara in the liberal New York southern district.

14. LISA PAGE — Page IS an attorney on detail from the FBI’s Office of the General Counsel and a former trial attorney with the Criminal Division’s Organized Crime and Gang Section.

 NOTE: Investigated Ukrainian oligarch Dmitry Firtash, a one-time business partner of former Trump campaign manager Paul Manafort, at the DOJ.

15. PREET BHARARA — Bharara is a former US attorney of the Southern District of New York

 NOTE: Bahara was fired by President Trump. He is friends with James Comey and had a ringside seat to Comey’s House Intelligence Committee testimony. He has been brutally tweeting against President Trump and Donald Trump, Jr.

16. GREG ANDRES — Andres is a white-collar criminal defense lawyer with New York law firm Davis Polk & Wardwell, Andres, 50, served at the Justice Department from 2010 to 2012. He was deputy assistant attorney general in the criminal division, where he oversaw the fraud unit and managed the program that targeted illegal foreign bribery.

 NOTE: Andres worked under Eric ‘Fast N’ Furious’ Holder from 2010 to 2012.",illuminati,conspiracy
23938,"Chinese telecoms company Huawei has said that disrupting its involvement in the rollout of 5G would do Britain ""a disservice"".

In January, the UK government approved a limited role for Huawei in building the country's new data networks.

But in March, a backbench rebellion within the Conservative party signalled efforts to overturn the move.

In an open letter, the firm also said it was focused on keeping the UK connected during the Covid-19 crisis.

But the pandemic may increase pressure on the government to take a tougher line on the company.

In the letter, Huawei's UK chief Victor Zhang says home data use has increased by at least 50% since the virus first hit the UK, placing ""significant pressure"" on telecoms systems.

Huawei says it has been working with partners like BT, Vodafone and EE to deal with the growth and has also set up three new warehouses around the country to ensure spare parts stay in supply.

Mr Zhang also says the current crisis has highlighted how many people, especially in rural communities, are ""stuck in a digital slow lane"". And he warns that excluding Huawei from a future role in 5G would be a mistake.

""There are those who choose to continue to attack us without presenting any evidence,"" he writes.

""Disrupting our involvement in the 5G rollout would do Britain a disservice.""

The government has banned Huawei from the most sensitive parts of the UK's mobile networks, and limited it to 35% of the periphery, which includes its radio masts.

But critics argue it is a security risk to allow the Chinese company to play any role at all because of fears it could be used by Beijing to spy on or even sabotage communications.

In early March, 38 Conservatives MPs rebelled on the issue, a larger number than expected. That points to a potential upset when the Telecoms Infrastructure Bill comes before Parliament, which is planned to happen later in the year.

The coronavirus crisis highlights the tension between economic and national security issues that makes the topic so contentious.
• A SIMPLE GUIDE: How do I protect myself?
• AVOIDING CONTACT: The rules on self-isolation and exercise
• MAPS AND CHARTS: Visual guide to the outbreak
• STRESS: How to look after your mental health

On one side is the need for greater connectivity to boost economic growth. Supporters of Huawei's role argue that excluding it would both slow down and raise the cost of delivering faster and more reliable networks.

On the other side is anger directed at China from some quarters because of its perceived mishandling of the initial Covid-19 outbreak, as well as the wider concerns over growing dependence on its technologies and companies.

Unnamed ministers and senior officials were recently quoted as saying there would have to be a ""reckoning"" once the current crisis is over.

Part of that could involve a reversal of January's decision - a concern which may explain the decision to write the letter.

On 4 April a group of 15 Conservative MPs called for a rethink on relations with China in their own letter to the Prime Minister, written a day before he was admitted to hospital.

""Over time, we have allowed ourselves to grow dependent on China and have failed to take a strategic view of Britain's long-term economic, technical and security needs,"" the group wrote. Among the signatories were Iain Duncan Smith, David Davis and Bob Seely.

It is understood that Huawei waited until the Prime Minister was out of hospital before releasing its letter.",vaccine,mainstream
2,"""…there can no longer be any serious argument about whether Saddam

 Hussein’s Iraq worked with Osama bin Laden and al Qaeda to plot against Americans.""

 –Stephen F. Hayes, The Weekly Standard, 2003

When discussing politics, if there’s one thing that sends people running for

 the hills, it’s conspiracy theories — or worse, conspiracy theorists.

As with those who are deemed ""racist"" or ""isolationist,""

 conspiracy theorists are automatically dismissed by polite society, not necessarily

 because they are wrong, but because of the nature of their arguments. And because

 their ideas and opinions are outside of consensus politics or the mainstream

 media, conspiracy theorists lack credibility simply for being outside the realm

 of respectability.

Take, for example, what is commonly known as the 9/11 Truth Movement, a collection

 of conspiracy theories that claim the terrorist attacks in 2001 were orchestrated

 by the U.S. government. Watching 9/11 Truth videos online like ""Loose Change""

 or ""Zeitgeist"" raises many interesting questions, and might cause

 even the most reasonable of folks to at least question the conventional wisdom

 on the subject. Yet, by and large, the 9/11 Truth conspiracy remains a fringe

 movement, taken seriously by few and laughed at by most.

But if 9/11 ""Truthers"" are wacky for believing the 9/11 attacks were

 orchestrated by Uncle Sam, what about the conspiracy theorists who tried to

 convince Americans that 9/11 was orchestrated by Saddam Hussein? Consider the

 following from The Weekly Standard‘s cover story ""Case Closed""

 written by Stephen F. Hayes in November of 2003: ""Osama Bin Laden and Saddam

 Hussein had an operational relationship from the early 1990s to 2003 that involved

 training in explosives and weapons of mass destruction, logistical support for

 terrorist attacks, al Qaeda training camps and safe haven in Iraq, and Iraqi

 financial support for al Qaeda — perhaps even for Mohamed Atta —

 according to a top secret U.S. government memorandum obtained by The Weekly

 Standard.""

After the memo Hayes cited was immediately and entirely dismissed by the Department

 of Defense and virtually every intelligence official, Newsweek decided

 to investigate Hayes’ claim further, concluding ""the memo doesn’t actually

 contain much ‘new’ intelligence at all. Instead, it mostly recycles shards of

 old, raw data that were first assembled last year by a tiny team of floating

 Pentagon analysts whom [Undersecretary of Defense for Policy Douglas J.] Feith

 asked to find evidence of an Iraqi-Al Qaeda ‘connection’ in order to better

 justify a U.S. invasion.""

Hayes went on to write a book called The Connection based on the same

 false memo, and as the Bush administration went on to make the same case that

 Iraq had something to do with 9/11, Vice President Dick Cheney told the Rocky

 Mountain News that Hayes’ Weekly Standard article was the ""best

 source of information"" on collaboration between Hussein and Al Qaeda.

Of course, this was all fantasy. It was a conspiracy — not between Saddam

 and Osama — but amongst the Bush White House and their media allies to

 construct a ""connection"" between Hussein and Al-Qaeda that had never

 existed, an irrefutable fact reflected by every piece of U.S. intelligence before

 the invasion of Iraq — and proven again after it. Yet today, you will

 still find the random conspiracy kook who still believes that Saddam was behind

 9/11.

While I try to keep an open mind, I do not believe the U.S. government orchestrated

 9/11 precisely because I don’t believe our government is competent enough to

 pull off such an elaborate scheme, and if they did, it would certainly be too

 incompetent to cover it up.

But 9/11 Truthers and similar groups don’t concern me half as much as the conspiracy

 theorists in our media and government, who have the power to start wars, end

 lives, and damage nations, based on their own self-aggrandizing-fantasies.

And if I had to choose, there’s something much more healthy and patriotic about

 those who take their distrust of government to what some might consider a ridiculous

 degree, than those whose unquestioning trust in government is not only unhealthy

 — but completely ridiculous.

Catch Southern Avenger commentaries every Tuesday and Friday at 7:50 a.m.

 on the ""Morning Buzz with Richard Todd"" on 1250 AM WTMA.",illuminati,conspiracy
23939,"Billy Bush reveals why Trump did not give a eulogy at George H.W. Bush's funeral

Billy Bush is opening up about what it was like seeing President Trump at the 2018 funeral of his late uncle, former President George H.W. Bush.

The former NBC ""Today"" show co-host Bush drew international furor in 2016 when a 2005 ""Access Hollywood"" tape of his conversation with Trump leaked to the press. On the tape, Trump makes several graphic comments about women while Bush eggs him on.

In an interview on ""The Ellen DeGeneres Show"" Friday, Bush recalled seeing Trump at his uncle's funeral.

""I was sitting in the middle of the church, and of course he's the last one to enter for security reasons,"" Bush said. ""But I saw him.""

According to Bush, the former president was asked before he died whether or not he wanted the polarizing Trump at his funeral. Bush explained why his uncle ultimately decided to invite Trump.

""He said, 'You know what, I don't want the headline to be I blackballed him, and then that's all people talk about, instead of the things that happened under his watch.' And so he specifically said, 'Yes, just include,' "" Bush said.

Although it is customary for the sitting president to give a eulogy at a former president's funeral, Bush said a ""lucky circumstance"" kept Trump from speaking.

""He had a lucky circumstance there because 43 (George W. Bush) was his son, so he did the eulogy,"" Billy Bush said.

Bush also told host Ellen DeGeneres he's ""learned a lot"" since that ""Access Hollywood"" bus conversation went public in 2016, suggesting he doesn't want men speaking about his daughters in the manner he and the president spoke about women on that tape.

""Look, I've got three daughters,"" Bush said. ""They're all going to be getting out there in the workplace and working – and if they ever, when they walk into a room and they walk out of that room, if people are smack-talking when they leave, that's an unfortunate thing, and I don't want that to happen. So you learn that.""

More: Billy Bush 'never again' wants to be asked about 'Access Hollywood' tape with Donald Trump

Though NBC fired Bush following the tape's release, he has returned to television as host of ""Extra, Extra,"" a celebrity TV news show that premiered this month.

Bush told Ellen he believes his ordeal with the leaked tape has made him a better journalist.

""It's good to know what it feels like to be down, and I had never really in my life felt what it's like to be down,"" he said. ""And when you know that, you approach people a lot differently.""

More: Billy Bush to host 'Extra Extra,' his first hosting gig since Trump tape scandal",other,mainstream
3,"The Global Polio Eradication Program, supported by the United Nation's World Health Organization (WHO), UNICEF, Rotary International, and the U.S. Centers for Disease Control (CDC), is planning to immunize 74 million African children in 22 countries in the coming months. The purpose is to stem a wild polio epidemic, the epicenter of which is oil-rich Nigeria, the most populous country in Africa. The vaccine program hit a snag last Fall when Islamic clerics in the predominantly Muslim-populated areas of northern Nigeria claimed the WHO program was a plot by westerners to depopulate the area. Laboratory tests revealed estrogen and other female sex hormones in the polio vaccine, proof that the vaccines were contaminated with substances that could cause sterility. Furthermore, Nigerian officials became aware of internet reports suggesting the WHO vaccine might be contaminated with HIV (the AIDS virus) and other cancer-causing viruses. African blacks are as suspicious of government vaccines programs as American blacks. A 1990 survey of African-Americans in New York City showed 30% believed AIDS is an ethno-specific bioweapon designed in a laboratory to kill black people. Dr. David Heymann, who heads the WHO eradication program, says the oral polio vaccine (which contains live but attenuated polio virus) is completely safe. He blames Nigerians for exporting polio to surrounding nations. The WHO, the world's leading international health and science agency, is mired in power politics. For example, the Bush administration now restricts communications between the Department of Health and Human Services (HHS) and WHO officials. A new HHS policy requires the WHO to submit all requests for expert scientific advice to political officials at HHS who will then choose which federal scientists will be permitted to respond. The new policy and two recent Administration decisions to withdraw federal scientists from major international health conferences are part of a disturbing pattern of political interference in global health issues. Antifertility Vaccines and the WHO In March 2004, Haruna Kaita, a pharmaceutical scientist and Dean of Ahmadu Bello University in Zaria, Nigeria, took samples of the controversial WHO's oral polio vaccine to India for analysis. Evidence of serious vaccine contamination was found. According to a March 11, 2004 report on www.lifesite.net, Kaita was asked why drug manufacturers would contaminate the oral polio vaccine. He gave three reasons: ""These manufacturers or promoters of these harmful things have a secret agenda which only further research can reveal. Secondly they have always taken us in the third world for granted, thinking we don't have the capacity, knowledge and equipment to conduct tests that would reveal such contaminants. And very unfortunately they also have people to defend their atrocities within our midst, and worst still some of these are supposed to be our own professionals who we rely on to protect our interests."" Dr. Kaita is demanding that ""those who imported this fake drug in the name of Polio Vaccines- be prosecuted like any other criminal."" This is not the first time the WHO has been called on the carpet to explain their surreptitious use of antifertility vaccines. Millions of female Mexicans, Nicaraguans and Filipinos were duped into taking tetanus vaccines, some of which were laced with a female hormone that could cause miscarriage and sterilization. In 1995 a Catholic organization called Human Life International accused the WHO of promoting this Canadian-made tetanus vaccine covertly laced with a pregnancy hormone called human choriogonadotropic hormone (HCG). Suspicions were aroused when the tetanus vaccine was prescribed in the peculiar dose of five multiple injections over a three month period, and recommended only to women of child-bearing age. When an unusual number of women experienced vaginal bleeding and miscarriages after the shots, a hormone additive was uncovered as the cause. It is no secret that since the 1970's the WHO has been testing and funding antifertility vaccine research that would make a woman's immune system attack and destroy her own babies in the womb. In Geneva in 1989 the WHO sponsored a Symposium on Antifertility Vaccines and Contraceptive Vaccines. Third-world women who received the laced tetanus shots not only developed antibodies to tetanus, but developed dangerous antibodies to the pregnancy HCG hormone as well. Without HCG, growth of the fetus is impaired. Consequently, the WHO's vaccine served as a covert and unsuspected contraceptive device. Commissioned to analyze the vaccine, the Philippines Medical Association found that 20 percent of the WHO tetanus vaccines were contaminated with the hormone. The WHO has denied all accusations as ""completely false and without basis,"" and the U.S. media never reported on the controversy. For further details, go to www.google.com and type-in ""WHO + antifertility vaccine"", or ""Philippines + antifertility vaccine."" Following an eight month boycott, on June 24, 2004, the recalcitrant Nigerians agreed to resume polio vaccinations, under the conditions the polio vaccine had to be manufactured in Indonesia and nowhere else. The WHO and the Man-Made Theory of AIDS Unlike most Americans, Africans are aware of the man-made theory of AIDS, and the possibility that the WHO's extensive vaccine programs in Africa in the 1970s are connected to the severe outbreak of AIDS in the early 1980s. On May 11, 1987, The London Times, one of the world's most respected newspapers, published an explosive article entitled, ""Smallpox vaccine triggered AIDS virus."" The story suggested the smallpox eradication vaccine program sponsored by the WHO was responsible for unleashing AIDS in Africa. Almost 100 million Africans living in central Africa were inoculated by the WHO. The vaccine was held responsible for awakening a ""dormant"" AIDS virus infection on the continent. An advisor to the WHO admitted, ""Now I believe the smallpox vaccine theory is the explanation for the explosion of AIDS."" Robert Gallo, M,D., the co-discoverer of HIV, told The Times, ""The link between the WHO program and the epidemic is an interesting and important hypothesis. I cannot say that it actually happened, but I have been saying for some years that the use of live vaccines such as that used for smallpox can activate a dormant infection such as HIV."" Despite the tremendous importance of this story, the U.S. media was totally silent on the report, and Gallo never spoke of it again. In September 1987, at a conference sponsored by the National Health Federation in Monrovia, California, William Campbell Douglass, M.D., bluntly blamed the WHO for murdering Africa with the AIDS virus. In a widely circulated reprint of his talk entitled ""W.H.O. Murdered Africa"" , he accused the organization of encouraging virologists and molecular biologists to work with deadly animal viruses in an attempt to make an immunosuppressive hybrid virus that would be deadly to humans. From the Bulletin of the World Health Organization (Volume 47, p.259, 1972), he quoted a passage that stated: ""An attempt should be made to see if viruses can in fact exert selective effects on immune function. The possibility should be looked into that the immune response to the virus itself may be impaired if the infecting virus damages, more or less selectively, the cell responding to the virus."" According to Douglass, ""That's AIDS. What the WHO is saying in plain English is Let's cook up a virus that selectively destroys the T-cell system of man, an acquired immune deficiency.'"" The entire article can be read on google.com (""WHO Murdered Africa""). In his 1989 book, AIDS: The End of Civilization, Douglass claims the WHO laced the African vaccines. He blames ""the virologists of the world, the sorcerers who brought us this ghastly plague, and have formed a united front in denying that the virus was laboratory-made from known, lethal animal viruses. The scientific party line is that a monkey in Africa with AIDS bit a native on the butt. The native then went to town and gave it to a prostitute who gave it to a local banker who gave it to his wife and three girl friends, and wham - 75 million people became infected with AIDS in Africa. An entirely preposterous story."" Indeed, in my two books on man-made AIDS - AIDS and the Doctors of Death: An Inquiry into the Origin of the Epidemic (1988) , and in Queer Blood: The Secret AIDS Genocide Plot (1993), there is much evidence to show that throughout the 1970s (the decade that preceded the AIDS outbreak in the U.S. and Africa) there was widespread laboratory transfer of animal viruses, particularly primate/simian/monkey/chimpanzee viruses, by virologists. Various animal viruses were pumped into different species of animals and into all sorts of cell cultures. This experimentation was undertaken to find, create, and develop new cancer-causing and immunosuppressive viruses. It is these species-jumping laboratory primate viruses that are the source of ""human"" immunodeficiency virus (HIV) - not the animals in the wild in Africa. To researchers who believe whole-heartedly that AIDS is a man-made disease, the evidence is crystal clear that the ""primate ancestor virus of HIV"" jumped species via contaminated vaccine programs, namely the extensive WHO-sponsored vaccine programs in sub-Saharan Africa during the 1970's, and the experimental hepatitis B vaccine (1978-1981) that was injected exclusively into gay men just prior to the outbreak of AIDS in America. (More on this later.) Americans have been told repeatedly that HIV/AIDS is the first time a monkey virus has jumped species to cause a new epidemic called AIDS. But the rarely-publicized truth is that a cancer-causing monkey viruses jumped species a half century ago when contaminated polio vaccines were given to millions of people on the planet, including half the U.S. population of that era. In the early 1960's it was discovered that some lots of polio vaccines manufactured on rhesus monkey kidney tissue during the period 1955 to 1963 were contaminated with a monkey virus called SV40 (Simian[monkey] virus #40). This primate virus was quickly proven to cause various cancers in experimental animals. However, to this day, U.S. government officials still insist there is no absolute proof that SV40 causes human cancer. Despite the lack of government interest in SV40 in human cancer for three decades, genetic and immunologic studies by independent researchers over the past decade indicate this virus is clearly associated with human cancer, such as rapidly-fatal cancers of the lung (mesothelioma), bone marrow cancer (multiple myeloma), brain tumors in children, and other forms of cancer. A Washington Times report (09/21/03) indicates ""Some of the polio vaccine given to millions of American children from 1962 until 2000 could have been contaminated with a monkey virus that shows up in some cancers, according to documents and testimony to be delivered to a House committee Wednesday. The vaccine manufacturer said such claims don't have any validity,' and the Centers for Disease Control and Prevention (CDC) agrees. Documents set to be delivered to the House Subcommittee on Human Rights and Wellness appear to show that the original ""seeds"" used to produce the Sabin [oral] vaccine could have been tainted with SV40; that the company that manufactured the vaccine, Wyeth Lederle, may have used Rhesus monkeys -- which are more likely to carry the disease -- rather than the African Green monkeys it says it used, according to company documents; and that the company may not have performed all of the screening tests required."" Stanley P Kops is a lawyer who represents children and adults damaged by polio vaccines. He has documentation indicating that the polio virus ""seeds"" from which the oral vaccine is made are still not proven to be free of SV40. In his article entitled ""Oral polio vaccine and human cancer: a reassessment of SV40 as a contaminant based upon legal documents"", appearing in the journal Anticancer Research (November 2000), Kops states: ""In litigation involving the Lederle oral polio vaccine, the manufacturer's internal documents failed to reveal such removal [of SV40] in all of the seeds. The absence of confirmatory testing of the seeds, as well as testimony of a Lederle manager, indicate that this claim of removal of SV40 and the testing for SV40 in all the seeds cannot be fully substantiated. These legal documents and testimony indicate that the scientific community should not be content with prior assumptions that SV40 could not have been in the oral polio vaccine. Only further investigation by outside scientific and independent researchers who can review the test results claimed in the January 1997 meeting and who can conduct their own independent evaluations by testing all the seeds and individual mono-valent pools will assure that SV40 has not been present in commercially sold oral poliovirus vaccine manufactured by Lederle."" More information on Kops, SV40, and polio litigation can be found at www.sv40cancer.com More than 600 million doses of polio vaccine were sold by Lederle from 1963 to 1999. On Jan. 1, 2000, the CDC recommended injections of an inactivated killed polio vaccine (IPV) that eliminates the risk of spreading the disease, unlike the oral live polio vaccine that had been used for decades. This prompted Lederle to get out of the polio vaccine business, and the last batch of Orimune was produced on Dec. 31, 1999. For anyone who still thinks that vaccine makers and government health officials are always your friend, I would highly recommend a just-published book titled AIDS. The Virus and the Vaccine: The True Story of a Cancer-Causing Monkey Virus, Contaminated Polio Vaccine, and the Millions of Americans Exposed, by Debbie Bookchin and Jim Schumacher. The book explores the history of the polio vaccine, the contamination problems with SV40 , the ensuing vaccine-related cancer problems, and the government's cover-up of the problem over the past three decades. Few people realize how dangerous vaccines can be and how complicated the process of vaccine manufacture really is, particularly when vaccines are made on living animal or human cells. Contamination with bacteria and viruses and their elimination from the final product are constant problems during the process. There are also recent suspicions that the laboratory media used to feed and nourish the cell cultures upon which the virus is grown may also be a source of contamination. For further details on the dangers of vaccines, see ""Are Vaccines Causing More Diseases than they are Curing?"" (www.whale.to/v/cantwell.html) In a 1,070 page book published in 1999, entitled The River: A Journey to the Source of HIV and AIDS, Edward Hooper claims a 1950's polio vaccine made using monkey (and possibly chimp) kidneys, contained the ancestor virus of HIV which now infects millions of Africans. Hooper's research greatly expands the polio vaccine man-made theory of AIDS first reported by Tom Curtis in Rolling Stone magazine in 1992. When Curtis asked the ubiquitous David Heymann whether the 1950's polio vaccine might have contributed to the outbreak, the WHO official declared: ""The origin of the AIDS virus is of no importance to science today. Any speculation on how it arose is of no importance."" Quite an amazing response from a man currently responsible for administering a possibly contaminated live oral polio vaccine to Africa's children. Hooper's book got extensive press coverage, greatly upsetting the AIDS establishment which has always viewed any suggestion of AIDS as a man-made disease as hysteria, paranoia or ""conspiracy theory."" Similarly, my two decades of man-made AIDS research linking AIDS to 1970's vaccine, as well as two books on the subject, were dismissed by Hooper in a sentence in a footnote on page 897. Not surprisingly, Hooper's vaccine theory was totally discredited the following year by AIDS scientists and WHO officials at a Conference held in London to debate the origin of AIDS, although Hooper still actively promotes his theory on the internet. The retesting of the old 1950's polio vaccine showed no evidence of a chimp virus. The molecular biologists also came down hard on Hopper with their ""genetic sequencing data"" suggesting HIV first entered the human population in the 1930's. (For details, google ""2000 London Origin of AIDS."") Why it took HIV a half-century to produce an epidemic was not made clear, nor was there any discussion as to how a black heterosexual African disease could have transformed itself exclusively into a white gay man's disease in Manhattan. Or why the epidemic broke out first in America in 1979 and was only uncovered five years later in Africa. The public frequently receives bad news about AIDS in Africa. Millions are dying, millions are infected with HIV, and millions of children are left as orphans. And this is just the AIDS part of the various horrors connected with Africa. Africans question why they are being given the oral form of the polio vaccine (OPV) when this form was removed from the market in America in January 2000. The inactivated and killed polio virus vaccine (IPV) cannot cause polio, but the live OPV is indeed capable of causing (although rarely) paralytic polio. Equally dangerous is that OPV recipients shed live polio virus, which is entirely capable of spreading polio to unvaccinated and unprotected others. However, the oral form of the vaccine is the only form recommended by health officials for outbreaks of polio epidemics. Even if the IPV vaccine were effective, the cost would be prohibitive. A 5cc. vial (enough to adequately inoculate 3 children with three separate injections) is $US 300. Is this form of the vaccine totally safe? The expensive IPV is thought to contain newly-discovered nanobacteria, which have been linked to various diseases. The Vaccine web site www.whale.to claims nanobacteria have been found to be a contaminant in previously assumed-to-be-sterile medical products, specifically the IPV Polio Vaccine. Most human biologicals and vaccines are made in fetal bovine (cow) serum, a medium known to be contaminated with nanobacteria, as reported May 23rd, 2001, at the 101st General Meeting of the American Society for Microbiology. Bad vaccine reactions are increased in the presence of HIV, immunodeficiency and malnutrition, which is purportedly common in sub-Saharan Africans. So why is this not being considered? Will the WHO's live oral vaccine awaken more ""dormant"" HIV? Nowhere could I find this question being asked by WHO officials or other scientists. The WHO vaccine for Africa (except parts of Nigeria) is made by Aventis Pasteur, a multinational pharmaceutical company headquartered in France. In 2003 Aventis donated 30 million doses to the program. The Origin of AIDS and Monkey Business A google search of the ""origin of AIDS"" lists an overwhelming 796,000 citations. However, there are essentially three major theories of AIDS origin. The AIDS establishment believes unanimously in the ""official"" monkey out-of-Africa theory. Second is Hooper's polio vaccine origin, now largely discredited or ignored. And third is the never-discussed ""conspiracy theory"" that HIV was deliberately seeded into gay and black African populations as a covert depopulation experiment with genocidal overtones. Until 1999, it was widely believed that the African Green Monkey was the source of HIV. This theory was highly touted by Robert Gallo, the world's most famous AIDS researcher, who had done extensive animal virus research forcing (""jumping"") primate viruses between species in the Special Virus Cancer Program (1964-1980) in the years just before the AIDS outbreak. In 1975 Gallo reported on a ""new"" and ""human"" HL23 virus, which eventually proved to be three contaminating ape viruses (gibbon-ape virus, simian sarcoma virus, and baboon endogenous virus). Gallo claims he has no idea how these viruses contaminated his laboratory [Queer Blood, p47]. For more information on pre-AIDS primate virus research, google ""primate research + Special Virus Cancer Program."" In 1999 there was renewed interest in the origin of AIDS. A media blitz surrounded the finding of a team of researchers headed by Beatrice Hahn, M,D,, at the University of Alabama. Viral studies on three African chimps in the wild, and on the corpse of a frozen chimp named Marilyn, found accidentally in a freezer at Fort Detrick (the Army's biowarfare unit), all indicated a common subspecies of chimp was the animal source ""most closely"" related to HIV. Hahn theorized the epidemic started when a hunter cut himself which butchering chimp meat and subsequently became infected. For details, google ""Beatrice Hahn + Marilyn"". Hahn is no stranger to primate theories, having worked in Gallo's lab when he was heavily promoting the green monkey theory in the mid-1980's. Her publicized 1999 AIDS origin research, based on genetic and molecular evidence, was quickly accepted as gospel by the AIDS establishment. In 2003 she presented further details of her primate research, which was again touted in the media. This time her findings were even more impenetrable (at least to me). The most popular origin of AIDS web site (www.avert.org/origins.htm) summarizes Hahn's most recent findings in this way: ""The findings of this 10-year long research into the origin and evolution of HIV by Paul Sharp of Nottingham University and Beatrice Hahn of the University of Alabama were published in 2003. They concluded that wild chimps became infected simultaneously with two simian immunodeficiency viruses (SIVs) which had viral sex' to form a third virus capable of infecting humans and causing AIDS. Professor Sharp and his colleagues discovered that the chimp virus was an amalgam of the SIV infecting red-capped mangabeys and the virus found in greater spot-nosed monkeys. They believe that the hybridization took place inside chimps that had become infected with both strains of SIV after hunting and killing the two smaller species of monkey."" Due to space requirements it is not possible to give all the evidence pointing to AIDS as a man-made disease. However, a Google search of ""man-made AIDS"" lists 135,000 citations (not bad for a ""conspiracy theory""!) and most of my published research on the subject can be found on the internet (""alan cantwell + man-made AIDS""). It is my view that the origin of AIDS cannot be determined without some reasonable (and not homophobic) explanation of how AIDS originated in America exclusively in young, predominantly white, previously healthy gay men in Manhattan, beginning in 1979. To my knowledge, there is no evidence to show that American AIDS originated in Africa. Furthermore, the virus ""strain"" of HIV in the U.S. is totally different from African strains. This finding has led AIDS researcher Max Essex of Harvard (and co-discoverer of HIV) to suggest that there may be two separate HIV-1 epidemics - one in which subtype B [the American strain] predominates and that is spread by blood and homosexual sex, and a second involving the other HIV-1 subtypes and primarily vaginal sex [as seen in Africa]. (www.aegis.com/news/ads/1995/AD951870.html). The onset of the ""gay plague"" and ""gay cancer"" (in the form of Kaposi's sarcoma) are clearly associated with the hepatitis B vaccine trials which used young gay men as guinea pigs during the years 1978-1981. A few months after the first group of men were injected in the experiment in Manhattan at the New York Blood Center, the first cases of ""gay-related immune deficiency"" were reported to the CDC. The experimental hepatitis B vaccine was developed in chimpanzees, the animal species now thought to harbor ""the ancestor of HIV."" Never mentioned by proponents of the chimp out-of-Africa theory is the fact that the New York Blood Center established a chimp virus laboratory in West Africa in 1974. One of the purposes of VILAB II, at the Liberian Institute for Biomedical Research in Robertsfield, Liberia, was to develop the human hepatitis B vaccine in chimps. The lab prides itself by releasing ""rehabilitated"" chimps back into the wild. Also closely allied to the ""pre-AIDS"" development of the hepatitis B vaccine is the little publicized primate colony outside New York City called LEMSIP (the Laboratory for Experimental Medicine and Surgery). Until disbanded in 1997, LEMSIP supplied New York area scientists with primates and primate parts for transplantation and virus research. Founded in 1965, LEMSIP was affiliated with the NYU Medical Center, where the first cases of AIDS-associated Kaposi's sarcoma were discovered in 1979. HIV tests of the stored gay men's blood from the hepatitis experiment at the New York Blood Center reveals that 6% of the men were HIV-positive in 1979! By 1981, the year the AIDS epidemic became ""official"", 20% of the men were positive! By 1984, 40% were positive! This means that this group had a spectacularly higher rate of HIV than any group in Africa during the same period - and at a time when AIDS cases were not even recognized or noted in Africa. It is clear that there is overwhelming molecular and genetic evidence to tie SV40 related cancer cases to the SV40 contamination of polio vaccines. Yet government health officials refuse to accept this research on the grounds of ""not enough evidence"" and ""contamination problems"" connected with SV40 testing (See Bookchin and Schumaker's book). On the other hand, AIDS experts try to convince us that a molecular HIV test on a dried-up blood specimen taken from an unknown black man in the Congo in 1959 is strong ""proof"" that human HIV cases existed in Africa back in 1959!! To me, the explanation for this absurdity and inconsistency in science is simple: The government does NOT want people to question the safety of vaccines, and it wants to blame Africans and African monkeys for a disease that is most likely caused by covert primate virus contaminated vaccine experiments, that undoubtedly still continue to this day. For more documentation of covert and unethical government-sponsored human experimentation , read In the Name of Science: A History of Secret Programs, Medical Research, and Human Experimentation [2003] by Andrew Goliszek. AIDS scientists accept the fact that HIV was ""introduced"" into gays, but do not publicize the fact that a second virus - the Kaposi's sarcoma virus, also known as human herpes virus-8- was also introduced into gays at the time of the gay vaccine experiments. Are two new viruses just another ""accident of Mother Nature""? Two decades after the KS virus was ""introduced"" into gay men, it is now a permanent virus in the blood supply, which is beginning (like SV40) to appear in association with certain cancers. Twenty percent of ""healthy"" Texas blood donors now carry antigens to the KS virus in their blood. As many as 40% of Caribbean men with prostate cancer also carry the virus. More details on the KS virus and the role of bacteria in KS cancer and other cancers can be found in ""Acid-fast Bacteria Discovered in Prostate Cancer"" (www.rense.com/general53/acsaid.htm); and in my book The Cancer Microbe: The Hidden Killer in Cancer, AIDS, and other Immune Diseases. It is clear to me that AIDS science is highly selective. Scientists who support the African origin of AIDS are heralded. Scientists and researchers who support the man-made, laboratory origin of AIDS are ignored as ""conspiracy theorists"" or crackpots. The Revenge of the Monkeys AIDS scientists blame AIDS on promiscuity, homosexuality, dirty needles, drugs, air travel, etc,, but never once do they seriously consider themselves responsible in any way for the AIDS holocaust. Scientists quickly obscured the primate virus origin of AIDS by calling it the ""human"" immunodeficiency virus, a clever attempt to accentuate the ""human"" quality rather than calling it by its real name -a simian (primate) immunodeficiency virus. Better to advise people to not transmit a human virus, than to remind them they are spreading an animal virus of dubious origin. On the altar of science the primate populations of Africa are dwindling to extinction. And the ultimate blame for AIDS is placed on primates who cannot speak for themselves. Over the decades millions of animals have been sacrificed for their kidneys and other organs to make vaccines which are now creating new plagues of incurable AIDS and cancer and new emerging diseases which in turn demand more animal sacrifice to make more vaccines and drugs.. Monkeys, chimps, apes, gorillas, and human beings are all classified as ""primates."" ""Human primates"" and ""non-human primates"" share 99% of the same DNA. Yet, we treat them all as disposable beings, locking them up in increasingly large numbers as slaves of science in animal gulags called ""primate centers"" for the sole purpose of using them and their children as hapless research tools. As a physician, I am not against animal experimentation. However, I am against foolish and excessive and dangerous animal experiments that expose millions, perhaps billions of people, to disease and death from contaminated vaccines and insane biological warfare creations. I do not believe we can exterminate countless animals for our selfish purposes without some sort of reckoning. What goes around, comes around. Will the monkeys and the chimps get their revenge?. It's obvious it is already happening. AIDS is depopulating the planet. Mad cow disease is a concern. SARS is yet another deadly emerging disease. The list goes on and on. There is no indication things will get better. Only worse. Isn't it time we get over our fantasy that slaughtering these animals will somehow help us attain better health?. Deadly HIV and SV40 virus from primates have already co-mingled with our human genetic material, changing our collective gene pool forever. How many more people will have to die as a result of our lab atrocities and our scientific ignorance? The more animals we kill for science, the more people will die from ""emerging"" laboratory viruses. Admittedly this is a hard concept to understand and accept when we have been conditioned to believe that abusing and killing animals for science is in our best interest. [Dr. Cantwell is the author of two books on the man-made epidemic of AIDS: AIDS and the Doctors of Death, and Queer Blood, available from Book Clearing House @ 1-800-431-1579 ad www.bookch.com]",vaccine,conspiracy
23940,"The top U.S. diplomat for cybersecurity policy has praised Germany's draft security standards for next generation mobile networks, which he said could effectively shut out China's Huawei.

Rob Strayer said Wednesday the standards published last month were a ""positive step.""

They call for mobile providers to use ""trustworthy"" telecom equipment suppliers that comply with national security regulations covering secrecy of communications and data protection.

The U.S. has been lobbying European allies to ban Huawei from new 5G networks over concerns China's communist leaders could force the company to use its equipment for cyberespionage.

While no European countries have issued blanket bans, Strayer said a ""risk-based"" approach to evaluating telecom suppliers, including their relationship with their national government, would ""lead inevitably"" to banning Huawei.",other,mainstream
4,"While a lot of people are trying to do their best to remain clean and germ-free during this pandemic, if you’re using gloves please make sure you’re using them properly. When it comes to wearing PPE (personal protective equipment) if you’re wearing or using them wrong, they won’t be protecting you.

I recently came across a thread of posts on Twitter by Dr. Jacquelyn Gill that really got me thinking about this big time. Dr. Gill for those who might not be aware is an associate professor at the University of Maine’s Climate Change Institute. She began this thread noting that when she goes on her weekly grocery runs she sees just how many people are using gloved improperly.

You see, as a scientist, Dr. Gill is trained well on how to use PPE, this including gloves and if you’re going to listen to anyone on how to use gloves properly, a scientist is one of the best people to hear out. Take a peek below to see some of what Dr. Gill had to say about how she’s seen gloves being used.

This you would assume everyone would be aware of but if you pay attention while out getting the things you need, you’ll likely see tons of people doing things incorrectly. If you really want to keep yourself and those around you safe, you should be going the extra mile to make sure you’re doing things right and if you’re not throwing your gloves away after each use and are touching things you’re not cleaning off before handling again, you’re messing up. Dr. Gill went on to say the things below, and they are some things we should not let slip our minds.

Yes, you have to change your gloves a lot but you should also keep in mind you can get by just fine without them if you’re washing properly and as Dr. Gill mentioned paying attention to the things you’re touching. Reusing gloves is a huge no-no and if you’re going to use them, please look into the things you shouldn’t be doing while wearing them if you want to get the most out of their use. Dr. Gill has seen so many unique instances of people doing things they shouldn’t while wearing their gloves and honestly, it’s kind of mind-blowing.",vaccine,conspiracy
23941,"Donald Trump was everything Tuesday night. Everything but brief.

Speaking to a boisterous crowd in Raleigh, North Carolina, Trump used a large chunk of his time to make extended hay over the latest turn in Hillary Clinton’s email saga — Tuesday’s news that she wouldn’t face a recommendation of federal charges from the FBI but that she had been, in the words of FBI Director James Comey, part of an “extremely careless” system for handling classified information while serving as Secretary of State.

Trump’s takeaway line on Clinton: “She can’t keep her emails safe, and she can’t keep our country safe.”

Trump went on to rail against the FBI for not pressing charges against Clinton, saying it was proof of a “rigged” system. ( Trump felt so much ownership of the issue that he even claimed to have introduced the word “rigged” into American political vernacular.) He also suggested Clinton’s talk of keeping Attorney General Loretta Lynch in her administration was tantamount of a Clinton “bribe” to let her off the hook.

Trump also launched into an extended riff speculating on the conversation that took place between Lynch and former President Bill Clinton when the two met last week, including a minute-by-minute accounting of what they might discuss before, he suggested, they discuss.

He talked, at length, about the war in Iraq, claiming he’d always been against it and knew it would destabilize the Middle East — a line of argument that Trump detoured to discuss the merits of Saddam Hussein. ""Saddam Hussein was a bad guy, right? He was a bad guy, a really bad guy,"" Trump said. ""But you know what he did well? He killed terrorists.""

His belief that President Barack Obama uses the term “ISIL” instead of “ISIS” simply to be contrarian and upset people also found its way into that section, as did Trump’s claim that Iraq is now “Harvard for terrorists.”

At another point, he contradicted himself on the need for Republican Party unity in the space of a single breath. “We need real unity and the leaders have to get supportive and if they don’t get supportive, we’re going to win anyway. Don’t worry about it. In fact, probably I do better without the kind of support that I’m talking about because that’s why I’m here in the first place,” he said.

Other topics explored included: Obama’s carbon footprint for flying in an “old” plane (Air Force One), Trump’s ability to phone into television shows, Obama’s golf schedule and proof that Trump did indeed have real hair.

Near the end of his speech, Trump, smiling broadly, entertained the crowd with the readout of a hypothetical future phone call with him, the governor and lieutenant governor of North Carolina — state leaders whom he singled out for extensive praise over the course of his remarks.

In this call, the state leaders would beg Trump to stop all of America’s “winning” because North Carolina residents were so sick of it. In response, Trump said he would have to decline, regretfully informing the pair that he would keep America on its winning ways.

But time and time again, Trump veered back towards Clinton, her emails, and his quest to overthrow a corrupt, inept elite. He pulled no punches, suggesting that Clinton’s of another four years of Lynch as attorney general amounted to bribery.

“She said today that, ‘We may consider the attorney general to go forward.’ That’s like a bribe, isn’t it? Isn’t that sort of a bribe? I think it’s a bribe,” Trump said. “I mean that if she wins she’s going to consider extending the attorney general. I’m not knocking the attorney general. What I’m saying is, ‘How can you say that?’”

Trump also compared Clinton’s actions to one of the most notorious corporate frauds in American history. “She went to extraordinary lengths to carry out an Enron-style purge of her emails,” he said.

And he claimed Sen. Bernie Sanders, Clinton’s chief opponent in the Democratic primary, must have been stung by the news because he’d just lost the “FBI primary.” (Sanders himself had only occasionally touched on Clinton’s emails, more frequently dismissing them as a distraction.)

The New York billionaire read from a statement his campaign issued earlier today, and repeatedly insisted that Obama – who campaigned with Clinton for the first time on Tuesday – knew in advance that the former secretary of state would be cleared and when.

Trump added the Raleigh stop to its schedule after the Obama-Clinton joint appearance in Charlotte was announced, and he proceeded to pan their 2016 debut. “I watched him today. It’s like a carnival act. A lot of fun,” Trump said of the president, waving his arms in a dancing motion. “Moving around, he has a whole thing. You know, great great, great. I’m saying, ‘this is a president?”

He also panned Clinton’s performance. “Her speech was terrible. I watched it. How boring was that speech?” he said.

Trump’s campaign spent the day messaging off of the non-indictment. “Imagine what would happen in your life if you did one one-thousandth of the things Hillary Clinton did,” said senior policy adviser Stephen Miller during introductory remarks in Raleigh. He attributed Clinton’s email habits – characterized as “reckless” by Comey – as the sign of to a desire to cover up corruption.

“If the public could ever see what she was doing in the light of day her career would be over,” Miller said, minutes before Trump appeared and pulled a flustered Bob Corker on stage to offer brief remarks praising the candidate.

Trump’s campaign sent a late-afternoon fundraising email off of the news, and the candidate taped an interview with Bill O’Reilly in which he called Comey’s announcement only a “semi-exoneration,” because of the harsh terms in which the FBI director condemned Clinton’s actions.",illuminati,mainstream
5,"The US-led coalition is often accused of supporting terrorist groups in Syria, including organizing safe passage and extraction from encirclements and hot zones. Videos have appeared on YouTube and Facebook allegedly showing the process of transportation of the terrorists.

 The source from the town of al-Hasakah (north-east part of Syria) has told Sputnik on the condition of anonymity that local people have witnessed US helicopters landing multiple times on the territory of the local prison, controlled by Kurds, and then left.

 According to the source, they were taking away some of the Daesh (banned in Russia) terrorists, detained in that prison. There have also been reports of US military bringing munitions to this prison.

 https://www.facebook.com/SyrianReporters/videos/1686161928096040/?t=0

 This news comes on the hot heels of reports made by Iraqi media, which indicated that American helicopters were moving members of Daesh from the prison in al-Hasakah to their base near the village of Abu Hajar in the eastern part of Syria. According to their sources, over 100 Daesh terrorists, most of them with foreign citizenship, most likely were brought to this prison by the US from Deir ez-Zor.

 

 In December 2017, the Russian Defense Ministry accused the US-led coalition of training jihadist militants on their base near al-Hasakah to fill up the ranks of so-called “New Syrian Army.” According to the refugee testimonies most of the trainees are ex-Daesh and Nusra Front fighters. The spokesperson for the coalition rejected the accusations, saying the claims were absurd.

 Eyewitnesses also reported sighting “US military aviation” transferring Daesh commanders from the town of al-Mayadin, covering it with airstrikes, just before Syrian army entered the city in October 2017. In 2018 Chief of Iranian General Staff Major General Mohammad Hossein Baqeri accused the US of transporting Daesh terrorists to Afghanistan after they were defeated in Syria and Iraq in order to maintain tension in the region, using it as an excuse to stay there longer.

Donald Trump should be ashamed of himself. He has no control of the government he represents because he is not asserting his authority. Whatever excuses his fan base might have, don’t really cut it. If other leaders can do it, why not him?

 If they say that America is really controlled by the Deep State, and they really can’t do anything about it, then maybe they need to be reminded that their own government is using their taxes to pay for all of the CIA/Daesh operations around the globe.

 In short, they are complicit in all the crimes of their own government abroad.

 Let’s hope that they can still sleep soundly at night, because this is where their taxes went…

 

 

 BEIRUT (AP) – Syrian government forces captured 14 villages Monday as they advance on the largest rebel-held enclave in the country’s north amid a wave of airstrikes.

 Syrian government forces and their allies have been on the offensive since late October in Hama and Idlib provinces, capturing nearly 100 villages from insurgent groups, including the al-Qaida-linked Levant Liberation Committee. The offensive intensified on Dec. 25 after reinforcements were brought in from other parts of Syria.

You can actually participate in the global efforts to cripple the Deep State organized criminal cabal's ability for genocide, while enjoying healthcare freedom at the same time, by boycotting Big Pharma for good.",illuminati,conspiracy
23942,"
• None Grammys 2020: Lizzo Leads Nominations With 8 Nods, Followed By Billie Eilish And Lil Nas X Grammys 2020: Close behind Lizzo were teen pop star Billie Eilish and rapper Lil Nas X, who earned six nominations each.
• None The latest incident comes less than a month after the rapper's plane was forced to make an emergency landing in Omaha, Nebraska, during a flight from Wisconsin to California after he had a seizure
• None Socialite Paris Hilton has unveiled a track featuring rapper Lil Wayne from her forthcoming second album.
• None Rapper Lil Wayne has been released from the hospital after reportedly suffering seizure-like symptoms during a flight.
• None Lil Wayne beats Elvis Presley as artist with most charting hits Rapper Lil Wayne has taken over the title of the artist with the most Billboard Hot 100 hits from King of Rock and Roll Elvis Presley by entering his 109th single.
• None Socialite Paris Hilton wants to collaborate with rapper Lil Wayne for her second upcoming album release.
• None Rapper Lil Wayne, who is serving a prison sentence for criminal possession of a weapon, has released his new album I Am Not A Human Being.",other,mainstream
6,"If the ""War on Terror"" were a movie, I would give it 2 1/2 stars. Why? The plot is unbelievable and has been used many times before. The major roles are miscast.

How's this for implausible? An international terror organization, Al Quaeda, is capable of hijacking four jetliners simultaneously and crashing three into targets. Yet, in the six months since Sept. 11, this formidable organization has done practically nothing. It can't even claim credit for the anthrax-laced letters. Apparently these came from a former US government scientist.

The international oil and banking cabal (Rothschild-Rockefeller-Morgan) that directs world events should fire their scriptwriters at the Council on Foreign Relations and the CIA for recycling a tired old gimmick. It was used in the Spanish American War, World War I, and World War II (i.e. attacks on the USS Maine, the Lusitania and Pearl Harbor). Couldn't they just be honest with the American people and say: ""Hey, we want an Afghanistan pipeline and control of Iraqi and Iranian oilfields. We control Saudi Arabia and Kuwait but that's not enough. We also want to alienate a billion Moslems in order to justify a permanent military and security buildup. You see, militant Muslim believers are going to replace Communism as the enemy. We will use this to consolidate elite control domestically and internationally and bring about the New World Order.""

But then, who'd die for that?

I'd venture that this evil cabal has been behind both sides of every war for the last century. It financed and controlled Nazism and Communism. You can see it at work in India fostering hatred between Muslims and Hindus.

You see it at work in the Middle East. The vast majority of Israelis and Palestinians want to live in peace. There is plenty of room for everyone, especially if you include Jordan. If the cabal, which bankrolls all three countries wanted, there could be peace in an instant. But since it controls the Arabian oilfields and feels threatened by Arab nationalism, it prefers to have the Arabs and Israelis at each other's throats. Divide and conquer. This is why it supported the creation of Israel in the first place.

I believe G-d's will is that Jews and Muslims live together in peace and mutual respect. Both sides should renounce violence immediately. Right now, the devil is rubbing his hands with glee. They are falling into his trap.

The leaders on both sides of every conflict are puppets. Osama bin Laden is definitely miscast as the evil terrorist. He seems too gentle and spiritual. The cabal did a far better job when they cast Adolph Hitler for World War II. Osama bin Laden is implausible because 1) he was (is?) a CIA operative (remember the CIA works for the cabal, not for the U.S.) 2) his organization freely operates out of London, England 3) his family was/is business partner of George Bush Sr. in the Carlyle Group, a defense conglomerate.

Dubya (from ""W"") is also miscast as the free world superhero and avenger.

Despite our desperate desire to believe in someone, Dubya reminds us of the spoiled rich kid who partied all the time and flunked. While the role calls for someone of the stature of Winston S. Churchill, we are reminded of Alfred E. Neuman. Instead of Churchill's eloquence, we get sound bites like this one last week:

""People don't see the compassionate side of America. For example they don't know that each year we give 350,000 tons of food to the North Korean people. The North Koreans would thank us but they probably don't know where this food is coming from. In fact, I don't know if they are getting it.""

I don't want to give away the plot here, but I suspect that the reason actors like Dubya are of such poor quality is that they are disposable. I'm afraid that before we have seen the last of Dubya, he will be the most hated man in America. Like a victim of Tourette's Syndrome, his administration can barely conceal its fascist agenda. Calling the emergency measures a ""Shadow Government"" is an example.

The cabal makes money from war. There is nothing like war to expand expenditures and borrowing. The cabal fosters war by bankrolling disgruntled minorities and extremists. It created Adolph Hitler, Joseph Stalin, and Sadam Hussein. It created Osama bin Laden. But don't think the cabal just wants money and power. It wants to kill people, the more the better. The fewer the people, the more wealth there will be for it.

The good news is that the cabal is not racist. The bad news is that it doesn't care whom it slaughters.

War is a charade, a grim toll on humanity, a meat grinder into which millions of innocent lives and dreams are fed. World War One was good for 20 million lives. World War Two topped that with 55 million. In ""The New Dealers' War,"" Historian Thomas Fleming, not a conspiracy theorist, estimates eight million lives, including 425,000 Americans, were lost because of Roosevelt's insistence on unconditional surrender.

""Unquestionably, this ultimatum was written in blood,"" says Fleming. (p.467) Hitler's generals were ready to depose Hitler and make peace but FDR would have nothing to do with them. Thus they were forced to fight to the death. According to Fleming, this policy was the recommendation of Norman H. Davis, ""a J.P. Morgan banker"" (p.181) and a Director of the Council on Foreign Relations.

Did America require unconditional surrender because of its hatred of Nazism? Sure. That's why Nazis were put into power in post-war West Germany. No the purpose of this policy was to kill more people (and allow Russia to conquer Eastern Europe.)

War offers many opportunities for culling the race. The firebombing of German and Japanese cities served no strategic purpose unless you want to kill two million more. Eisenhower starved two million German prisoners of war to death. Another two million anti Communist Russians who fought with the Germans were turned over to Stalin by the Allies and exterminated. We'll save Allied complicity in extermination of the Jews for another time.

This is why I'm worried that this movie will not have a happy ending.

It's set up so a nuclear or biological attack can slaughter millions of Americans, and Osama bin Laden will be blamed. The terrified public will be stampeded into accepting totalitarian rule. At the same time, millions of Jews and Arabs could be consumed in a Middle East cataclysm.

You say I'm paranoid. I define paranoia as ""a condition derived from reading history."" Amazing as it sounds, the cataclysms of the 20th century were part of a long-term conspiracy to destroy western civilization and bring the world under pagan elite control. The strategy is to grind humanity down by fomenting conflict and war. The events of September 11 are a reminder that the same cabal is shaping the new millennium.",illuminati,conspiracy
23943,"This was a great question (reworded for clarity):

Let’s look at this in different parts. First, what is the mass of all the people on the Earth? As I am writing this, there are about 7 billion humans living on Earth.

If I know the average mass of a person, I can get the mass of all the people. Here’s where we guess. Well, not a completely random guess. No, it will be a well aimed guess. An average human male is maybe 160 pounds (70 kg) and a female is about 110 pounds ( 50 kg). I suspect those are a little high for all of the adults. I would guess that adults in the USA are a bit more massive than other parts of the world. Now, what about children? I could say that there about as many men as women. That would put the average mass somewhere around 60 kg. If I take into account children, maybe this average mass is around 40 kg.

Now that I have an estimate for the average mass of a human, the total human population mass is just going to be the total number of humans multiplied by the average human mass. This would give a mass of 280 billion kg (2.8 x 109 kg). That’s a large mass, but how does it compare to the mass of the Earth? At about 6 x 1024 kg, all the humans are just a tiny fraction of the total mass (4.7 x 10-14 %).

Ok, there is another part to this question. Does the mass of the stuff on Earth change? By “stuff” I mean all the living things and consumable things like air and water. In short, the answer is no. Where do humans come from? Or perhaps I should ask where the mass that makes up humans comes from? As a person grows or as new people are created, the mass for this new material comes from three sources: air, water, and food. Actually, I’m not too sure how much of our material comes from the air but it could be a small contributing factor.

But where does the food come from? If everyone was a vegetarian, the food would come from plants. But where does the mass of plants come from? Most of the plant mass comes from the air? Yes, the air. Plants take in carbon dioxide and produce oxygen. They save the carbon (and water and other stuff) to use as building blocks for growing. It might seem strange, but it’s true.

That means that indirectly at least, the mass of the human population comes from the air. When people die, they decompose and produce more carbon dioxide. It’s an endless cycle. Just about all of the mass comes from something that is already on the Earth. Yes, I said “just about”.

Does any mass leave the Earth? Does any mass added to the Earth? The answer for both questions is yes.

When does the Earth lose mass? First, there is loss of gas in the atmosphere. Think of our air as a bunch of gas particles bouncing around. That’s essentially what is happening. Some of these particles of gas (oxygen or nitrogen molecules) are going quite a bit faster than other particles. If the particle is going fast enough and it is near the top of the atmosphere, it can escape Earth’s gravitational influence. This does happen, but the effect is quite small. The other way for the Earth to lose mass is when humans send objects into space. Again, the total mass of all the man made space objects is quite small.

The Earth also gains mass. According to NASA, there are about 100 tons of meteoroids hitting the Earth each day. Over a year, this would be 3 x 107 kg. It would take about 100 years worth of meteors to equal the mass of the human population. However, doubling something super small is something still super small.",other,mainstream
7,"Side Effects Software (best CGI system there is)

The Sky At Night From Your Patio

Be an Astronomer Right From Your Own Window!

Arecibo Observatory in Puerto Rico, the largest radio telescope in the world.

Ohio State University has just brought a SERENDIP III system online for conducting SETI observations at OSU radio observatory.

Project Phoenix, the most well-funded search effort, has used a version of the SERENDIP II instrument for radio frequency interference studies. Project Phoenix, a former now operating in the private sector, is one of several research efforts to examine extraterrestrial life run by the SETI Institute.

Space Shuttle Models - several 3D model data sets for the shuttle

Space Shuttle Overview - Flight hardware for the Space Shuttle is manufactured at many locations around the United States by NASA prime contractors and subcontractors.

Index - Shuttle and Satellite Images Space Shuttle Photograph Repository for more info and to view Space Shuttle Photographs.

NASA Spacelink - NASA Spacelink is a collection of NASA information and educational materials. It is provided by the NASA Educational Affairs Division.

National Space Grant Program - NASA's National Space Grant College and Fellowship Program is designed to promote aerospace education and research through the nation's colleges and universities.

National Space Society (NSS) - to promote change in social, technical, economic, and political conditions to advance the day when people will live and work in space.

New Space Network - Information clearinghouse for anyone interested in small and low cost space programs.

Search for Extraterrestrial Radio Emissions from Nearby Developed Intelligent Populations - an ongoing scientific research effort aimed at detecting radio signals from extraterrestrial civilizations

Should We Go Back to the Moon? - A public policy forum debating the pros and cons of returning to the moon, this time to establish a permanent lunar base.

Space Sciences Information Systems - A multi-discipline reference for the space science information systems that transcends government agency, university, research group and individual boundaries.

Space Settlement - home to information on orbital space settlement and colonization

Star*s Family - Growing collection of directories, dictionaries, databases and related products on astronomy, space sciences, and related fields and orgs of the world.

Views Of The Solar System - A great guide for people of all ages to learn about our solar system.

X-SAR User Kit at DLR - 1000 image quick looks from the shuttle missions SIR-C/X-SAR plus technical documents

INTELLiCast - weather info around the world, US, and various resorts. Images, movies, etc.

Monthly Temperature Anomalies - The following form allows the user to create a contour map or a time series plot of temperature anomalies derived from the merged Global Historic Climate Network and the Monthly Climatic Data of the World.

Perilous Times - quick reference to current conditions on the earth

Pine, Colorado Weathercam - Highest weathercam online so far at 8,500 feet.

Program for Climate Model Diagnosis and Intercomparison - PCMDI provides documentation, data, and software relevant to climate modeling.

Air Project - studies dynamic Ground-Sea-Atmospheric observations obtained from remote sensing. Applications involve natural evolutive phenomena characterization by image processing and environmental evolution.

Canada Centre for Remote Sensing - Comprehensive view of the Canadian remote sensing community, its activities, products, tools and programs.

Earth System Science Community Curriculum - a holistic approach to the study of the Earth that stresses investigations of the interactions among the Earth's components in order to explain Earth dynamics, Earth evolution and global change

Envision - Interactive System for the Management and Visualization of Large Geophysical Data Sets

Geomorphology - Electronic version of popular geomorphology book and various other online resources of interest to geomorphologists.

Noctilucent Clouds - general information about Noctilucent Clouds as well as information on the working group studying them.

The Pasadena Field Office of the US Geological Survey

GPS array for studies of crustal deformation related to earthquakes.

Amateur Astrophotography (in German) - Amateur astrophotography tips and ideas from personal experience. Some demo pictures.

Astronomy Cafe - Hotkeys to the stars, book on a career in astronomy, Ask the Astronomer Q/A, links to data/images. Software for manipulating data for Science Fair Projects.

Astrophysics Data System Abstract Service - The ADS Abstract Service provides access to over 160,000 astronomical abstracts since 1975.

Astrotext - develop an online introductory textbook on astronomy using contributions from the Internet.

Doug Ingram's Astronomical Teaching Resources - describes some of the Astronomy courses taught at the University of Washington and provides links to the resources used in teaching the classes, such as readings, homeworks, labs, exams, syllabi, study guides, etc. Most files are either linked both as LaTeX and PostScript or as just ASCII.

Dundee Astronomy Page - Planet information (incl. rising and setting times) for any location/time; astronomy quiz; some pictures.

Earth and Universe - a comprehensive multimedia guide to Stars and Galaxies.

Global Oscillation Network Group - a community-based program to conduct a detailed study of solar internal structure and dynamics using helioseismology.

Imstar - Astronomy links and some of our own CCD images

Planetary Rings Node - Responsible for restoring, archiving, and publishing datasets describing planetary ring systems. All of the relevant datasets aquired from previous and future spacecraft, as well as from Earth-based observatories.

SkyMap Windows Planetarium - An award-winning shareware planetarium program for Windows 3.1 or higher.

Star*s Family - StarHeads - database of individual web pages essentially of astronomers and related space scientists.

Stargazer Map [Mount Wilson Observatory] - creates customized PostScript star charts for your location and a date/time of your choosing

IRIX 5.3 Announcement - Announcement of IRIX 5.3 - SGIs implementation of UNIX for their workstation products.

Psycho War Against The Internet And The American People.

MEDIA DISTRIBUTION contains a plethora of videos, books and magazines on current topics, including ""The Clinton Scandals"", and now the home of the ""Clinton Expose Web"".

Federation of American Scientists' library of U.S. intelligence documents.

History of TIME's Man Of The Year. check out 1938, 1939, and 1942.",flat earth,conspiracy
23944,"Earlier this week, the White House revised its account of the killing of Osama bin Laden, explaining that the Al Qaeda leader was unarmed at the time of his death, contrary to earlier official declarations that he had been wielding a weapon. More details about the military raid on bin Laden’s compound, its scope and conceptualization, are sure to surface in the coming days. But the image of the weaponless, aging Al Qaeda figurehead and founder, shot in the head in his spacious house, has raised some public consternation that the Navy SEALs responsible for the killing acted illegally, or that the United States violated a longstanding Executive Order that bars U.S. employees from engaging in “political assassination.” Human-rights groups and academics have called for inquiries, suggesting that laws may have been broken, or that an “extrajudicial killing without due process of the law” might have occurred. The request for more information about the raid is certainly valid. And the government should be as transparent as possible—especially because, so far, there is little indicating that the Navy SEALs acted outside the boundaries of domestic law.

It is hard to regard Osama bin Laden’s killing as a “political assassination” in the conventional sense. The White House has been insisting that the raid was a military operation, conducted against a military target, and it makes a credible case in doing so. Bin Laden is not a politician, even if his ideology has political aspects to it. He is a declared enemy of the United States, the financier of numerous attacks against American infrastructure and civilians, and the chief signatory of a manifesto that states: “The ruling to kill the Americans and their allies—civilians and military—is an individual duty for every Muslim who can do it in any country in which it is possible to do it.” By his rhetoric and by his actions he has unquestionably proven himself to be a combatant.

Moreover, the raid did not occur while bin Laden was lounging on a beach in Tahiti, or giving a political speech at a rally in Mexico, or meeting with foreign dignitaries in Ottawa. It occurred while he was ensconced in a safe-house in Pakistan—a country that, for better or for worse, belongs to a wider U.S. military theatre of combat in South Asia.

The porous border between Afghanistan and Pakistan, along with the overall complexity of the political relationship between the two countries, has made the conduct of military operations in Pakistan a tactical necessity for soldiers in Afghanistan. For some time now, the U.S. military and the C.I.A. have been operating in Pakistan, with various levels of support from the government there, to hunt down militants and gather intelligence. U.S. Special Forces have fought alongside Pakistani soldiers on several occasions, in the borderland areas, and the American security apparatus has been conducting frequent drone attacks in Pakistani territory—more than a hundred such attacks in 2010 alone. According to a U.S. embassy cable, published last year by WikiLeaks, Pakistan’s Prime Minister told the American ambassador what he thought of the drone program: “I don’t care if they do it as long as they get the right people,” he said. “We’ll protest in the National Assembly and then ignore it.”

In 2007, documents pertaining to the classified Rules of Engagement in Afghanistan entered the public domain, including a summary from 2004 that gave examples of authorized U.S. military incursions into Pakistan. For instance, the document stated, the “hot pursuit” of Al Qaeda militants into Pakistan was permitted, though the pursuit from one country to the other had to be “continuous and uninterrupted.” Also permitted was a direct action “against The Big 3,” a reference to bin Laden, Ayman al Zawahiri, and Mullah Omar, the Taliban’s supreme leader. Finally, to add even greater flexibility, the document permitted cross-border incursions, apparently based on unforeseen circumstances, at the discretion of the Secretary of Defense. One caveat the document put upon these actions was “geographic limits.” It stated: “General Rule: penetrate no deeper than 10km.” Such limits, the language suggests, were not sacrosanct.

It’s hard to say what the Rules of Engagement were at the time of the bin Laden raid; the rules change in their details frequently, but their overall structure tends to remain fairly constant. If you can accept that Pakistan is a legitimate U.S. military area of operation, then the second question emerges: was the military’s targeting and killing of bin Laden consistent with its own legal doctrine?

When using lethal force within a field of combat, the military’s Rules of Engagement have historically defined two kinds of acceptable targets. The most common are known as “combat-based targets.” In a long article that I wrote for The New Yorker in 2009, titled “The Kill Company,” I described them as:

Had bin Laden been armed and shooting at the time of the raid, he would have very easily met the standard of a combat-based target, and could legally have been killed. But as Jay Carney, the White House spokesperson, said the other day, “Resistance does not require a firearm.” Bin Laden could have been legally killed if he were holding a weapon and not firing—or if he were holding no weapon at all. Any soldier seeing bin Laden and recognizing him could make a reasonable assumption that he had “hostile intent.” After all, Al Qaeda bodyguards were nearby, and they were shooting at the Navy SEALs to defend him. “This is a guy who’s extremely dangerous,” John B. Bellinger III, legal counsel at the National Security Council and State Department in the Bush Administration, told the New York Times. “If he’s nodding at someone in the hall, or rushing to the bookcase or you think he’s wearing a suicide vest, you’re on solid ground to kill him.” Military law tends to recognize that soldiers must confront myriad, and potentially lethal, ambiguities amid the heat of battle.

That being said, the legality for killing bin Laden is not especially dependent upon his behavior during the raid because, in his case, an alternate (and more relevant) aspect of the Rules of Engagement applies. There is no military circumstance where an Al Qaeda operative of bin Laden’s stature could merely be a “combat-based target” in the way a low-level insurgent at a roadside checkpoint would be, because he is also a high-value target, and his status as such matters. In 2009, I also described why:",other,mainstream
8,"This is my take on the big Trump win that saves the country and the rule of law in America. We are going to get a market selloff, but at least we will only have to deal with economic problems created by the criminal crony class and not the additional full blown tyranny of a Clinton Administration. The financial markets will be in turmoil, and the fantasy economy is about to meet reality. Savor the Trump win, but be prepared for a lot of work and financial pain.

Join Greg Hunter for his take on the coming Trump Presidency and what it means for the winners and losers of the 2016 election. There are big winners and very big losers. I always say “Fear Not, God the Father is in charge,” and he proved it tonight.",other,conspiracy
23945,"This article lays out a framework for determining when to switch to a low-growth strategy and how to put it into practice. If retailers execute well, they can stay in the maturity stage of the life cycle for a very long time, forestalling decline.

To explore the problem, the authors studied the financial data of 37 U.S. retailers with recent sales of at least $1 billion whose growth rate had faltered. They found that the less successful retailers had continued to chase growth by opening new stores far past the point of diminishing returns. By contrast, the more successful retailers had drastically curtailed expansion and instead relied on operational improvements at their existing stores to drive additional sales. This allowed them to increase revenues faster than expenses, which had a powerful positive impact on earnings.

In pursuit of double-digit top-line growth, many retailers relentlessly open new stores, even when doing so destroys the profitability of their businesses. This addiction is fueled by Wall Street and a capitalist culture that’s obsessed with growth. It’s hard to kick, primarily because companies don’t know when or how to turn off the growth machine—or what to replace it with.

Companies in all industries eventually see their revenue growth slow. Retailers are no exception. Fickle consumers, intense competition, changing markets, and the rapid encroachment of online retailing all combine to exert pressure on the top line. The retail graveyard is filled with chains such as Circuit City, Austin Reed, Linens ’n Things, Loehmann’s, British Home Stores, RadioShack, and the Sports Authority—that expanded rapidly and then, faced with declining growth, couldn’t find ways to change course.

What should a retailer do when growth slows? Is it doomed, or is there a way to prosper when its business matures? To answer these questions, we examined the financial data of 37 U.S. retailers with recent sales of at least $1 billion whose top-line annual growth rate had slowed to single digits. Some of these retailers had seen their bottom lines fall even faster than their top lines; others had achieved double-digit earnings growth and above-average stock market returns. Our analysis showed that the less successful retailers had continued to chase growth by opening new stores far past the point of diminishing returns. By contrast, the successful retailers had drastically curtailed expansion and instead relied on operational improvements at their existing stores to drive additional sales. This allowed them to increase revenues faster than expenses, which had a powerful positive impact on earnings.

That may seem like a simple strategy, but it’s one that most retailers do not follow, for three reasons. First, Wall Street and the capitalist culture celebrate—and demand—growth. Indeed, slow growth is regarded as something between a disease and a moral failing. When faced with declining growth, companies are urged to go back to the drawing board, rethink the business, and come up with a new strategy to pump up the top line. Second, leaders of many retail chains don’t know when to make the transition. Consequently, they keep expanding until their chains begin to collapse under their own weight. And third, growth companies and mature businesses require very different operating strategies. Many companies that excel at growth lack the capabilities to make the switch.

In this article, we explain when living with slow growth makes sense, providing metrics that can help retailers determine when and how to move from a high-growth to a low-growth strategy. We also offer a framework for creating a low-growth strategy that allows retailers to increase revenues faster than expenses by leveraging their existing resources. If retailers do this, they can stay in the maturity stage of the life cycle for a very long time, forestalling decline. Though our focus here is on the retail industry in the United States, we hope that companies in other industries will take the broad lessons to heart.

The retail life cycle follows a classic S-curve. Successful companies grow quickly in their early years by opening stores and penetrating new markets. Once the most attractive sites have been exploited, they add stores in increasingly less attractive locations. As their store networks become ever more dense, new stores begin to cannibalize the sales of existing ones, reducing the net sales gain for the entire chain.

Walmart followed just this pattern. In the fiscal year ending January 31, 1968, its 24 stores generated $12.6 million in sales and $482,000 in net profit. By fiscal 1988, it had 1,198 stores, sales of $16 billion, and net income of $627.6 million. The compound annual growth rate (CAGR) of its revenues and earnings for the 20-year period was exactly the same: 43%. This illustrates that value creation in the growth phase comes from scaling the business, not necessarily from increasing profitability. But growth cannot continue forever. (Had Walmart continued to grow at that rate, its 2015 revenues would have been $246 trillion, more than three times the world GDP!) Data shows that by 2006 new stores had begun to cannibalize the sales of existing stores, and Walmart was entering the maturity stage. So it’s not surprising that its top-line growth slowed, falling to an average CAGR of 2.7% in the 2011–2015 period. Walmart operates in more than 30 countries, and clearly growth rates differ by country, but this doesn’t counteract the fact that its overall recent growth rate has been in the low single digits.

Our study focused on what happens to retailers when growth stalls. We examined the sales growth, stock market returns, and other publicly reported financial data of the 37 U.S. retailers whose recent sales were at least $1 billion and whose sales growth from 2011 through 2015 had dipped to single digits. (We excluded companies that, growing at greater than 10% per year, hadn’t yet reached maturity, and those with negative sales growth that were clearly in decline.) We then split the retailers into two groups based on their performance from 2011 through 2015: those with average annual total shareholder returns (TSR), including stock returns, dividends, and stock splits, at or above 12.4%—the average annual TSR of the S&P 500 index over this period—and those with below-average returns.

The data vividly shows that slowing growth can engender stagnation: The operating profit of the 20 underperforming companies grew only 0.9% per year, on average, and their average annual TSR was a mere 2.8%.

But the 17 successful retailers demonstrate just as persuasively that it’s possible to prosper with modest top-line growth. These companies grew their operating profit 8% a year, on average—more than eight times the rate of the unsuccessful ones—and their average annual TSR was a whopping 21.9% over the five-year period. That is nearly double the S&P 500 growth rate.

To understand what differentiated the more successful companies from the underperformers, we examined their public information and interviewed current and former executives of Dillard’s, Foot Locker, Home Depot, Kroger, Macy’s, and McDonald’s. Despite very different businesses—some retailers are diversified (for example, L Brands), and several have operations in many different countries (for example, McDonald’s)—we found remarkable similarities in their approaches.

When you’re a retailer, nobody tells you that your chain’s high-growth days are over and it’s time to switch to a maturity strategy. To detect when you should begin transitioning from high growth to slow growth, you need to track the right metrics.

At first glance, it seems obvious that the time to make the move is when new-store productivity has declined to the point that the investments made in opening new stores hurts, rather than helps, the bottom line. But knowing exactly when new stores have become unprofitable is far from easy. It takes time for a new store to mature; consequently, early sales may not be indicative of eventual sales. Also, extenuating factors, such as economic downturns or natural disasters, can have a huge temporary impact on sales.

Our study revealed one measure that can reliably tell retailers when to slow the pace of expansion: return on invested capital. Not coincidentally, it’s a metric that research has shown is strongly correlated to the long-term appreciation of stock price. For retailers, ROIC is the ratio of adjusted operating income (operating income plus rental expense for the new store) to average invested capital (the sum of investments in property and equipment, capitalized leases, and inventory net of payables). To compute ROIC for a new store, a retailer needs four things: a sales forecast for the new store over time, operating expenses, the required capital investments, and how much the new store will cannibalize the sales of nearby stores.

Many of our exemplar companies—including Foot Locker, Home Depot, Kroger, Macy’s, and McDonald’s—track ROIC and adhere religiously to relatively high hurdle rates for new stores (the minimum rate of return that a proposed investment would be expected to generate).

Some retailers, however, ignore the capital requirements of new stores and focus solely on growth in earnings. This can lead to bad decisions. Karen Hoguet, Macy’s chief financial officer, told us that she was surprised when a competitor began to open new stores in locations that Macy’s had rejected. Later she learned that the competitor had based its decisions on projections of growth in earnings per share rather than return on invested capital. The new stores turned out to be poor performers. “We were right,” she observed. “They weren’t great stores.”

In addition to ROIC, we recommend that retailers track two others metrics. The first is revenue per store, which is simply total revenue in a year divided by the total store count. The second is estimated revenue added per new store, which is the difference between total actual revenues and the estimated revenues from existing stores that would have been achieved if no new stores had been opened, divided by the number of new stores. To calculate the estimated revenue from existing stores, take the prior year’s revenue and add the increase in comparable store sales (the revenue increase at stores that were open for at least 12 months prior to the current fiscal year, which are known in the industry as “comps” and reported on retail financial statements) and add an estimate of the cannibalization of existing stores that is due to new stores—a loss in revenue that would be avoided if no new stores were opened. Walmart is one retailer that tracks and reports a cannibalization effect.

Savvy retailers can use all three metrics to detect signs that they should be slowing the growth of new stores. If a retailer has significant international operations, it should use as the revenue number what the revenues for a year would have been absent currency fluctuations. Alternatively, a retailer can compute this metric for each country in which it operates, using the revenues in the local currency of the country.

As a retailer tracks the three metrics we’ve just described, its managers will see when new stores in a particular chain and in a given country are having a diminishing impact on total revenues and ROIC. When it reaches the point at which most or all options for expansion have an unacceptable ROIC, it’s time to slow the rate of store openings—or stop opening them altogether.

Both groups of retailers in our study slowed their store-opening rate from 2000 to the 2011 to 2015 period. But the retailers with above-average stock-market performance slowed their rate more: They added just 2% more stores per year while the below-average retailers added 4.4% more.

We cannot emphasize strongly enough how hard it is for a retailer that has spent decades in high-growth mode to turn off the store-opening machine. It has a large team in place dedicated to planning and managing the opening of stores. Employees throughout the company feel the excitement of producing double-digit growth year after year and worry that if growth slows, opportunities for advancement will dry up too. A host of consultants constantly urge senior managers not to shift strategy but rather to redouble their efforts to reignite growth. That includes making acquisitions—which all too often don’t work out. And the CEO, who has been selling a growth story to investors for years, worries about coming up with a new tune to sing.

For all these reasons, retailers often go through a long, painful period of denial before they acknowledge that growth has ended and it’s time to switch strategies. It’s likely that many of the underperforming retailers in our study are in this denial stage now. Indeed, in Walmart’s 2016 annual report, CEO Doug McMillon asserts: “We are a growth company; we just happen to be a large one”—a remarkable statement given that the fiscal year ending January 31, 2016, was the first in its history that Walmart’s sales declined.

Many of the high-performing retailers also went through a rocky denial period. Let’s look at two examples: McDonald’s and Home Depot.

McDonald’s grew rapidly and successfully through 1998 by opening new stores. In 1999, growth began to slow, but McDonald’s continued down the growth path, also acquiring other restaurant chains, despite the fact that this strategy was eroding its earnings and depressing its stock price. A new CEO (Jim Cantalupo) reversed that course in 2003. He divested the acquisitions, stopped opening new stores, and focused on increasing the sales of existing stores through improved service and customer satisfaction. Over the ensuing five years, this strategy resulted in a doubling of the company’s profit margin and a quadrupling of its share price. (During the tenure of CEO Don Thompson, who headed the company from mid-2012 until January 2015, the company’s performance deteriorated. It now seems to be back on track.)

Home Depot’s story is similar. Under founders Arthur Blank and Bernie Marcus, it was a store-opening machine and quickly grew to be the second-largest retailer in the United States. Decision-making authority was delegated to store managers, which made rapid (albeit somewhat chaotic) expansion easy. But after two decades, the board of directors was evidently weary of chaos, and Bob Nardelli was brought in as CEO to inject order. While Nardelli did that, he also continued to vigorously pursue top-line growth by doubling the store count in six years and creating, largely through acquisitions, Home Depot Supply, a wholesale division serving professionals.

During Nardelli’s 2001 to 2006 tenure, store productivity lagged that of arch competitor Lowe’s. For example, comparable store sales at Home Depot increased an average of 1.4% per year versus 4.6% at Lowe’s, which had a stronger sales staff. (To cut costs, Nardelli replaced hardware experts with part-timers and reduced the overall staffing levels of stores.) As a result, earnings at Lowe’s over this period grew at nearly double the rate Home Depot’s did, and the stock price of Lowe’s also doubled, while Home Depot’s stayed flat.

Home Depot’s denial phase ended in early 2007, when its board appointed Frank Blake to replace Nardelli. Since then, Home Depot has delivered phenomenal financial results. Blake reversed Nardelli’s strategy of opening new stores—and as we’ve said, this is no easy feat. It meant stopping many stores in the pipeline and writing off assets—tough actions for a company with a growth culture. Mark Holifield, Home Depot’s executive vice president for supply chain and product development, told us: “It required looking in the mirror and saying, ‘We’re somebody different today.’”

Where does earnings growth come from when a retailer can no longer drive up the top line by opening new stores? The answer is through operational improvements that allow the company to increase its revenues from existing stores faster than its expenses.

This approach helped our above-average group outperform the others. Though the higher-performing companies grew their store count only 2% per year, they posted 3.4% comparable store sales increases. This meant that the majority of their 4.7% average annual sales growth came from existing stores, so that expenses grew four-tenths of a percentage point less than sales. The below-average retailers had the opposite results. With a store growth rate of 4.4% and comp sales increases of only 1.9%, most of their 4.6% sales growth came from new stores—a major reason their expenses grew four-tenths of a percentage point more than revenues. By leveraging their existing stores, the above-average retailers grew operating profit 8% a year, compared with a mere 0.9% for the below-average group.

A comparison of Foot Locker and rival athletic-shoe retailer Finish Line illustrates the importance of preventing expenses from growing faster than sales. From 2011 through 2015, Finish Line actually grew sales at a higher annual rate than Foot Locker—9% versus 8%—but most of Finish Line’s increase came from opening new stores. Almost all of Foot Locker’s growth came from existing stores. As a result, Foot Locker grew sales 1.8 percentage points more than expenses, whereas Finish Line grew expenses 1.3 points more than sales. The differentials between sales and expense growth rates might seem small, but they are significant relative to operating margins, which were in the range of 10% for both companies, and completely explain why Foot Locker’s operating profit grew at a 23.6% rate while Finish Line’s declined at a 4.6% rate.

Ken Hicks, who served as the CEO of Foot Locker from 2009 until late 2014 and then as executive chairman until May 2015, told us that his strategy to improve operational performance relied on leveraging real estate, inventory, and store associates. His rules of thumb were that inventory should grow half as fast as sales and controllable expenses 70% as fast as sales. He remarked that it’s possible to leverage low- to mid-single-digit increase in sales growth to produce strong profits and stock returns. An implication of this is the need for at least some sales increase. In other words, this is a low-growth, not a no-growth, strategy.

There are many ways a retailer can boost sales from existing stores. Let’s look in detail at the most important.

Even if a retailer is not increasing its store count, its real estate group should not be idle. It should be closing unproductive stores, expanding and remodeling stores in the best locations, and carefully vetting locations for the few new ones. Under Frank Blake and his successor, Craig Menear, Home Depot has concentrated on refreshing existing stores and catching up on deferred maintenance. Foot Locker has focused on rationalizing the location of its stores, closing some and adding space where it would do the most good.

The extent to which customers can find the products they want at a reasonable price and get help from sales associates as needed is a crucial determinant of whether they buy something or leave a store empty-handed. Many analytics tools are available today that help retailers decide what assortment of products to carry in what quantities, how to price those items, and how many sales associates should work in each store, at what hours.

Kroger’s use of analytics is noteworthy. In 2010 it began deploying infrared technology that tracks when customers enter the store and then uses predictive analytics to estimate when they are likely to reach the checkout lanes. This allows Kroger to determine how many lanes need to be operating at any given time in order to meet its exacting wait-time standards. A large dynamic display informs customers and associates of the current wait time. Since the technology was implemented, average wait time has dropped from four minutes to 26 seconds, and customer satisfaction with checkout has improved significantly. Initiatives such as this one have helped Kroger achieve more than 50 straight quarters of positive increases in comparable store sales.

Retailers seeking improved sales at existing stores often develop new products to boost revenues. To do so effectively, they need highly disciplined methods for identifying and testing potential offerings. Consider Home Depot’s process for adding private-label products. The retailer first identifies market-brand items that are performing poorly and examines customer complaint data to see how the products could be improved. It then develops private-label products—for example, Hampton Bay ceiling fans, Husky tools, and Glacier Bay toilets—and continually refines them to improve quality and lower costs. Instead of using the cost savings to boost gross margin on the products, it often passes the savings on to customers in the form of lower prices. That drives more sales at existing stores and takes share from competitors. If a new private-label product consistently gets a 3 out of 5 or lower in customer ratings or fails to take significant share from the branded item, Home Depot kills it.

The effectiveness of your sales force depends on whom you hire, how you train them, what technology you deploy to make them more effective, and how you staff each department in each store during each hour of the day.

It all starts with hiring the right people. Ken Hicks told us that all Foot Locker applicants take an online test that measures their disposition toward selling and their fit with the Foot Locker culture. The company refined the test over time by giving it to current associates and correlating the results with their actual productivity. Company data shows that people hired after the program was put in place in 2013 had higher sales per hour and stayed with the company longer than people who had not been hired through the program. Foot Locker also optimizes productivity by assigning the associates with the highest sales per hour to work the most important shifts. L Brands, which takes a similar approach, calls this practice “putting the aces in their places.”

Training is also a critical piece of the puzzle. Well-trained sales associates who have deep product knowledge can significantly increase the percentage of customers entering the store who actually buy something—what retailers call the “close rate.” Dillard’s, which offers online product training to its sales associates, has found that each hour associates spend on training increases their sales rate by a remarkable 5%.

Another common way to improve the performance of salespeople is to remove non-value-added work from their responsibilities so that they can devote more time to helping customers. An exemplar here is Foot Locker. In most shoe stores, sales associates make many trips to the back room to check on product availability and retrieve items that customers want to try on. Those trips consume precious time, and many impatient customers leave without making a purchase. To reduce the time associates spend off the floor, Foot Locker introduced scan guns that allow them to check what’s available in the back room, online, and in other stores without leaving the customer’s side. The guns are estimated to have added 2% to sales.

Macy’s also uses technology to facilitate the sales process. Its “smart fitting rooms” are equipped with iPads that allow customers to request additional items or different sizes, which sales associates then deliver to them in the fitting room.

Most brick-and-mortar retailers would be happier if the internet, which made online shopping possible, had never been invented. But smart retailers understand that a strong omnichannel strategy can increase overall sales by giving customers additional ways to gather information, make purchases, and receive products.

For example, allowing customers to buy products online and pick them up in a store not only enhances online sales but also boosts store sales. That’s because customers tend to make additional purchases when they come to the store to pick up their items. Retailers also benefit from the opportunity to fulfill online orders with inventory in stores. This can help them avoid markdowns on overstocked items and minimize the need to expand distribution center capacity during seasonal buying surges.

Omnichannel retailers can also increase sales by optimizing their distribution networks to speed up order fulfillment. A study of one retailer showed that opening a new distribution center that cut average delivery times of online sales for some customers from seven days to three produced an additional 4% in sales from the customers in that segment. The gross margin on the additional sales was more than enough to cover the cost of adding a distribution center.

One retailer that understands this is Home Depot. It recently replaced two older direct-fulfillment centers with three new ones. The location of these centers and the stocking strategies and operational processes they use have been optimized for faster delivery to customers. Home Depot has also improved the accuracy of lead-time information provided to customers. Previously, it would tell all customers in all zip codes that delivery for a given item would be in the range of seven to nine days. Now it provides customized delivery times that can be as short as two days. “There is no doubt from our data that reducing delivery time is driving higher sales,” Holifield told us.

Things like your return policy, acceptance of credit cards, and store hours need to be continually monitored and revised to enhance sales. McDonald’s, for instance, made numerous improvements during the 2006–2011 period, including switching from a cash-only payment policy to accepting credit cards, expanding some stores’ period of operation to 24 hours, and doubling lanes for drive-through business at busy stores to relieve congestion. Bob Marshall, the former vice president of McDonald’s U.S. restaurant operations, estimates that these changes yielded a double-digit sales increase.

The good news about mature retailers is that they generate a lot of cash, which can be used to fund the types of operations-improvement projects described above. The challenge is making sure that the available capital is allocated to the most promising initiatives.

Companies should formulate and follow a disciplined capital allocation process that starts with idea generation. Retailers should begin by mining all areas of the business for process-improvement ideas, as well as take inspiration from other retailers. Some companies, such as Macy’s and McDonald’s, have innovation groups to find and evaluate improvement ideas. McDonald’s also has an innovation center, where it replicates store equipment and processes to test the effect of new products on service times in a given type of restaurant. According to Bob Marshall, the innovation center was instrumental to the successful introduction of the McCafé line of drinks in U.S. restaurants in 2007 and 2008. He estimates that they generated a mid-single-digit annual sales increase in the United States.

Once ideas have been generated, the next step is to evaluate the ROIC of each initiative and fund only those that exceed the desired hurdle rate. “The things you don’t do are often more important than the things you do,” Hicks says. Pilot projects should be conducted for each initiative, and the results should determine whether the initiative is rolled out to all stores. Foot Locker first put its scan-gun technology only in pilot stores. At the same time, it worked with Motorola to reduce the cost of the scanner, from $1,200 to $300. Only after the technology was thoroughly refined was it rolled out companywide.

McDonald’s, by contrast, seems to have forgotten the need for a disciplined process during Don Thompson’s tenure. “Management fell in love with their own ideas and lacked the discipline to kill products like Mighty Wings whose test results were questionable,” Marshall told us.

As internal improvement projects with acceptable ROIC begin to outnumber attractive new-store options, capital allocation will evolve smoothly from a scaling strategy to a leverage strategy. To successfully make this shift, however, retailers must clearly communicate their strategy to Wall Street. Investors like companies that beat expectations and hate those that fall short. Mature retailers should set conservative annual sales targets and explain their logic for focusing on ROIC. During Blake’s tenure, Home Depot began announcing increasingly high targets for ROIC, starting with 15%, then 24%, and now 35%. It has been meeting those targets ahead of its announced schedule.

What happens when a retailer has more capital than attractive internal or external investment opportunities? After putting aside cash for a rainy day (retailing is cyclical, and it’s easy to burn cash during downturns), the retailer should distribute the remainder to shareholders via dividends or stock buybacks, which the above-average performers generally did, undoubtedly helping their stock prices. Home Depot, for example, announced a policy to return at least half of available cash each year to shareholders.

The destructive obsession with high growth pervades virtually all capitalist economies. Although this article focuses on the retail industry, we hope it will spark managers and investors in all sectors to pause and reconsider when high growth is good—and when it’s bad.

Our analysis offers just a snapshot in time. It certainly does not mean that the poorer performers can’t join the ranks of the better performers or vice versa. (Even the more successful retailers have experienced periods of lackluster performance.) That said, making the switch from an expansion to a leverage strategy is a huge challenge for retailers. It often requires a new CEO—one who delights in the nitty-gritty work of improving operations. Sadly, all too many leaders of mature retailers just can’t seem to come to grips with the reality that their companies’ go-go days are behind them and that it’s time to kick the growth addiction.",other,mainstream
9,"A brave investigative journalist, Carey Gillam, has exposed the shady tactics Monsanto have used over the years to suppress vital information for people who were exposed to their cancer-causing product, Roundup. 



Weed killer Roundup began to show signs of cancer in laboratory animals back in the 1980's, then in 1995, the US Environmental Protection Agency (EPA) determined that this compound needed to be classified as a carcinogen.

Six years later the EPA changed that classification and told the public it was completely safe to use.

Below is the FULL interview with Carey and RT.

RT: Carey, you wrote a book called ‘Whitewash: The Story of a Weed Killer, Cancer, and the Corruption of Science.’ Monsanto apparently viciously worked to cover up the fact that their weed killer could cause cancer. After so many studies, what is your opinion on the fact that the company is doing everything they can to try to deny the truth?

Carey Gillam: The cancer question is definitely a big one with this chemical. It is the most widely-used agrochemical in the world. It is in our water, food, our own bodies… The International Agency for Research on Cancer (IARC) looked at decades of epidemiology and toxicology research and said this looks like a probable human carcinogen with strong ties to Non-Hodgkin lymphoma specifically. Monsanto says all of that research is wrong, this international agency is wrong and that this product is among the safest in the world, among the safest for people to use.

RT: In the 1980s we were told by the EPA that Roundup causes cancer, then in the 1990s they said it didn’t. And in between you have doctors and scientist after scientist saying that it does cause cancer. What is this back and forth all about?

CG: Yes, our own EPA toxicologist back in the 1980s looked at a mice study that Monsanto had submitted to it. And these mice were showing these very rare and odd tumors – the mice that received glyphosate. Toxicologist for the EPA said at that time: “Wow, this looks like this stuff could cause cancer.” And they were very concerned about it, and they wanted to raid it that way. And Monsanto pushed back. This was in the 1980s – Monsanto pushed back very hard and ultimately convinced the EPA to discount what its own toxicologists were telling it, and to declare it to a safe product. This is what you’ve seen over the decades – in the 1980s, in the 1990s again and again. Scientists warn about the findings of glyphosate on laboratory animals. And epidemiology and human studies have exposure. People have been raising their arms trying to wave a red flag about this chemical for years in many countries, many scientists around the world. And every time Monsanto has said they are wrong. And sought to discredit the scientists, and to discredit the research that is sought to raise an alarm bell around this chemical. And they are still doing it. This has created a debate around the world – not only in the US, but in Europe and in many other countries – about how safe or not safe this really is.

RT: According to your book, firstly, there’s been a cover-up. Secondly, there’s been an attempt by Monsanto to try to push back on science and create their own science to make it look like Roundup is perfectly safe. The third and very troubling thing is that seems like there is no help from the EPA in telling the truth. What’s your take on that? Is it right, or is it an overstatement?

CG: This has been the way that I’ve described this to people. I was asked to come to Europe and to speak to parliament about this. It is really decades of deception, and that is what it boils down to. It seems like a pretty strong thing to say, but it is decades of deceptive tactics by this giant chemical company to make billions of dollars – to deflect, to harass, to discredit, to suppress any information that would be useful to consumers and useful to these people, who are being exposed to this chemical to decide if they want to use it or not, to decide if they want their children playing in the yard that they sprayed with Roundup. People haven’t had that choice, because any information about risk has been hidden, while the company has been trumpeted and pumped out information about reward. In doing so they’ve employed multiple strategies; they have ghost-written certain scientific papers; they’ve tried out surrogates – both within the EPA and the universities around the country – to try to control the public narrative and try to control what the public knows about this and what public doesn’t.",vaccine,conspiracy
23946,"Just when things were starting to make sense in boxing and the heavyweight division was shaping up nicely, a fat guy with blazingly quick hands wiped away most of the preconceived notions of where it would all eventually lead.

Andy Ruiz Jr. didn't just upend heavyweight boxing. He threw it a body punch that left the division gasping for air.

Whether that is good news or bad for boxing depends on where you live and how it plays out. If nothing else, though, Ruiz scored one for the ordinary guy when he shocked Anthony Joshua and the rest of boxing with the fight of his life Saturday night at Madison Square Garden.

He not only beat the man most considered the best heavyweight in the world, but he gave him a beating in the process. When it finally ended after a flurry of punches in the seventh round that had Joshua unable — or simply unwilling — to go on, there was a new world order among the big men in boxing.

Now the task is sorting it all out again.

On one side of the pond is a new heavyweight champion, with belts big enough to fit his portly frame. Ruiz is an American from the California border town of Imperial who claims Mexican heritage, and as the first Mexican heavyweight champion he can pretty much write his own ticket to fame and fortune.

Down in Alabama is Deontay Wilder, who holds one of the big belts himself. Wilder is coming off a first-round knockout of Dominic Breazeale last month and has not been shy about setting his own schedule no matter what competing promoters might want him to do.

There's Joshua, of course, who hadn't lost before being upset by Ruiz and is a national hero of sorts in England. Joshua has a tremendous following, and the odds are he will get a chance to regain his title at home in a November rematch with Ruiz.

And then there's Tyson Fury, who claims to be the lineal heavyweight champion and might be the most interesting of them all. The 6-foot-9 Brit suffered an emotional breakdown after beating Wladimir Klitschko in 2015 and seemed to be out of boxing before fighting to a disputed draw last December with Wilder.

In a perfect world, both the Joshua-Ruiz and Wilder-Fury rematches would take place, with the winners fighting for the undisputed heavyweight title.

But this is boxing, and nothing is ever that simple.

It's a story as old as the sport, with competing promoters and broadcast outlets all battling it out for the millions of dollars the heavyweights generate. It's why Joshua was facing the unknown Ruiz instead of finding a way to fight Wilder in the bout boxing fans really wanted to see — a fight that now has lost some of its allure after Joshua's defeat.

In a division where one punch can change everything, one punch did. Ruiz landed a punch to the top of Joshua's head after getting knocked down himself in the third round, and from then on it was simply a matter of when the fight would end.

""It's boxing,"" Fury told me last week. ""You can't go swimming without getting wet.""

No sooner had Ruiz's hand been raised in victory than some in boxing began comparing the magnitude of the win to Buster Douglas beating Mike Tyson in Japan in 1990 as a 42-1 underdog. But Joshua was no Tyson, and Ruiz was talented enough to make some boxing experts wonder why Joshua's promoter picked him as a late replacement for Jarrell ""Big Baby"" Miller, who tested positive for steroids.

And while Douglas ate himself out of boxing after his big win, Ruiz already packs 268 not-so-well-placed pounds on his frame and hasn't seemed worse for the wear because of it.

Joshua had a rematch clause in his contract with Ruiz, and promoter Eddie Hearn said Tuesday on Twitter that the rematch would take place in November or December. It likely will be in Britain, though it's also possible it could be a pay-per-view event in the U.S.

In the meantime, Fury fights Germany's Tom Schwarz next week in Las Vegas and Wilder has announced a rematch with Luis Ortiz for September.

No, it's not one mega fight for all the marbles, as it was shaping up to be. The greed of promoters and broadcasting outlets kept that from happening, as it often does in boxing.

But all the heavyweights want to be active, and all have a case they want to make. They can all talk a bit, too, which should make it even more fun.

Actually, the fact people are talking about the heavyweights once again is fun all by itself.

Tim Dahlberg is a national sports columnist for The Associated Press. Write to him at tdahlberg@ap.org or http://twitter.com/timdahlberg",other,mainstream
10,"Following the court decision in the US to award in favour of Dewayne Johnson (exposure to Monsanto’s Roundup weed killer and its active ingredient, glyphosate, caused Johnson to develop non-Hodgkin lymphoma), attorney Robert Kennedy Jr said at the post-trial press conference:

Johnson’s lawyers argued over the course of the month-long trial in 2018 that Monsanto had “fought science” for years and targeted academics who spoke up about possible health risks of the herbicide product.

Long before the Johnson case, critics of Monsanto were already aware of the practices the company had engaged in for decades to undermine science. At the same time, Monsanto and its lobbyists had called anyone who questioned the company’s ‘science’ as engaging in pseudoscience and labelled them ‘anti-science’.

We need look no further than the current coronavirus issue to understand how vested interests are set to profit by spinning the crisis a certain way and how questionable science is again being used to pursue policies that are essentially ‘unscientific’ – governments, the police and the corporate media have become the arbiters of ‘truth’.

We also see anyone challenging the policies and the ‘science’ being censored on social media or not being given a platform on TV and accused of engaging in ‘misinformation’. It’s the same old playbook.

The case-fatality ratio for COVID-19 is so low as to make the lockdown response wholly disproportionate. Yet we are asked to blindly accept government narratives and the policies based on them.

Making an entire country go home and stay home has immense, incalculable costs in terms of well-being and livelihoods. This itself has created a pervasive sense of panic and crisis and is largely a result of the measures taken against the ‘pandemic’ and not of the virus itself.

Certain epidemiologists have said there is very little sturdy evidence to base lockdown policies on, but this has not prevented politicians from acting as if everything they say or do is based on solid science.

The lockdown would not be merited if we were to genuinely adopt a knowledge-based approach. If we look at early projections by Neil Ferguson of Imperial College in the UK, he had grossly overstated the number of possible deaths resulting from the coronavirus and has now backtracked substantially.

Ferguson has a chequered track record, which led UK newspaper The Telegraph to run a piece entitled ‘How accurate was the science that led to lockdown?’ The article outlines Ferguson’s previous flawed predictions about infectious diseases and a number of experts raise serious questions about the modelling that led to lockdown in the UK.

Ferguson’s previous modelling for the spread of epidemics was so off the mark that it may beggar believe that anyone could have faith in anything he says, yet he remains part of the UK government’s scientific advisory group. Officials are now talking of ‘easing’ lockdowns, but Ferguson warns that lockdown in the UK will only be lifted once a vaccine for COVID-19 has been found.

It raises the question: when will Ferguson be held to account for his current and previously flawed work and his exaggerated predictions? Because, on the basis of his modelling, the UK has been in lockdown for many weeks, the results of which are taking a toll on the livelihoods and well-being of the population which are and will continue to far outweigh the effects of COVID-19.

According to a 1982 academic study, a 1% increase in the unemployment rate will be associated with 37,000 deaths [including 20,000 heart attacks, 920 suicides, 650 homicides], 4,000 state mental hospital admissions and 3,300 state prison admissions.

Consider that by 30 April, in the US alone, 30 million had filed for unemployment benefit since the lockdown began. Between 23 and 30 April, some 3.8 million filed for unemployment benefit. Prior to the current crisis, the unemployment rate was 3.5%. Some predict it could eventually reach 30%.

Ferguson – whose model was the basis for policies elsewhere in addition to the UK – is as much to blame as anyone for the current situation. And it is a situation that has been fuelled by a government and media promoted fear narrative that has had members of the public so afraid of the virus that many have been demanding further restrictions of their liberty by the state in order to ‘save’ them.

Even with the promise of easing the lockdown, people seem to be fearful of venturing out in the near future thanks to the fear campaign they have been subjected to.

Instead of encouraging more diverse, informed and objective opinions in the mainstream, we too often see money and power forcing the issue, not least in the form of Bill Gates who tells the world ‘normality’ may not return for another 18 months – until he and his close associates in the pharmaceuticals industry find a vaccine and we are all vaccinated….

Is this to be the new ‘normal’, whereby fear, mistrust, division and suspicion are internalized throughout society? In an age of fear and paranoia, are we all to be ‘contact traced’ and regarded by others as a ‘risk’ until we prove ourselves by wearing face masks and by voluntarily subjecting ourselves to virus tests at the entrances to stores or in airports?

And if we refuse or test positive, are we to be shamed, isolated and forced to comply by being ‘medicated’ (vaccinated and chipped)?

Is this the type of world that’s soon to be regarded as ‘normal’?

A world in which liberty and fundamental rights mean nothing. A world dominated by shaming and spurious notions of personal responsibility that are little more than ideological constructs of a hegemonic narrative which labels rational thinking people as ‘anti-science’ – a world in which the scourge of authoritarianism reigns supreme.",vaccine,conspiracy
23947,"Like a shop owner anticipating Christmas in July, Samsung Electronics is this morning touting new technology it claims will allow it to usher the world into the 5G era by 2020. If you can stand to wait seven years, the company’s talking about core “adaptive array transceiver” technology that delivers so-called fifth generation speeds “up to several hundred times faster” than today’s 4G networks.

What’s that translate to in download speeds? Up to “several tens of Gbps per base station,” says Samsung, adding that this could allow users to sling around vast data files and ultra-HD movies “practically without limitation.” (In other words, Shazam!)

The new technology reportedly solves limitations with millimeter-wave bands (operating at high frequencies) transmitting data over long distances due to atmospheric attenuation. (I don’t pretend to understand the atmospheric physics, but it involves, among other things, radio signals and the resonance of oxygen molecules, as well as “rain fade,” where radio signals are absorbed by ice, rain and snow.) Samsung says it’s been able to successfully work around this by using 64 antenna elements transmitting data at 1.056GBps at a frequency of 28GHz for up to 2 kilometers (a little over a mile).

All well and good, but before we get all rapturous about downloading ultra-HD content in a blink, let’s revisit an arguably bigger problem we haven’t solved still, today — a problem higher speeds will only exacerbate.

Imagine you’re zipping down the Interstate, and say the speed limit’s 80 m.p.h., but you’re — did I say zipping? — actually creeping along at half that because, you know, two lanes and rush hour — a real bumper-to-bumper slog. That’s what my smartphone’s data connection sometimes feels like living in a college town, say on (football) game day, during any of the city’s big summer festivals or, you know, when school’s in primetime session seven months a year.

The trouble’s not that my 4G smartphone or tablet connection isn’t fast enough (in theory) to instantly stream high quality videos and music — even a 3G connection’s capable of competently handling services like Netflix or Spotify, after all — it’s that these connections often live down to worst-case expectations because the towers are simply overcrowded.

The reason cell service providers are putting the kibosh on unlimited data plans (and raising usage costs for their real bugaboo, data tethering) has as much to do with crowd control as scraping a little extra from our purses. It goes without saying, but I’ll say it anyway: The faster you make mobile communication technology, the more likely people are to use it and the more likely the network’s going to choke.

When it’s not choking, there’s the data threshold question: A few weeks ago, someone I know sent me a short link to a video. I was at a park on my smartphone and clicked the link expecting YouTube to appear. Instead, the browser clocked for a few seconds, then stopped. I tried the link again, got the same thing and gave up. A short time later, my phone started popping text alerts: first that I’d exceeded 50% data usage, then 75%, then 90%. I panicked and reset the phone, called my carrier to investigate, then realized what must have happened: the person sending that email was linking to an actual mongo-sized video file, but since it was in a format my smartphone didn’t recognize, the download process happened in the background. By clicking that link, I’d initiated a multi-gigabyte data burn, thus wiping out most of my family plan’s monthly allotment in well under an hour (as well as clogging up my phone’s remaining free local space).

Accidents happen, shame on me, and lesson learned, but you get the point: not only did the phone fail to indicate it was downloading something, but my lightning fast 4G connection turned a molehill into a mountain in no time flat — a mistake that, had I not reset the phone and terminated the background download, might have cost real money (to say nothing of my ability to use the phone’s data capabilities until the monthly cycle reset).

As long as we have data thresholds that trigger financial penalties, as long as towers are congested by increasing numbers of data users accessing ever larger files and data streams, and as long as we’re trying to do all that on devices with paltry local storage, it won’t matter how fast the motor goes. I wish we’d hear less from companies like Samsung about how magical things are going to be in six or seven years, and more about how they’re working to solve data capacity issues and prohibitive usage thresholds today. I’d happily trip along at 3G speeds through 2020 and beyond if they were dependably 3G, all the time, and let me work — phone, tablet, laptop, whatever — without worrying about usage penalties.",other,mainstream
23948,"Keeping the population of stray cats in check requires a systematic approach, animal advocates say: To ensure that every cat in a colony has been sterilized, caretakers get to know their wards so that they can better monitor the size of the population. Under their watchful gaze, any new cats who wander in can be separated and taken to a veterinarian. The cats have the top of their left ears clipped as a sign that they have been neutered.

Not all cats are as hard to trap as Tom Waits, who earned his name because his rough exterior recalled the gruffness of the singer’s voice. Usually, caretakers withhold food for a few days before luring hungry cats into baited cages with drop doors.

When she moved to Bushwick, Brooklyn, last August, Myra McMinn, 32, noticed several cats that would meander through her backyard, so she put cat food out from time to time. And then they multiplied.

All of a sudden, she said, “The seven cats had had nine kittens, and I did not know what to do.”

She sought answers online and found a group called Neighborhood Cats that offers workshops in trap, neuter and return. After attending a three-hour class, Ms. McMinn took a week off from a temporary job she has while getting a master’s degree at Columbia. She borrowed 19 cages and set about luring the cats with Fancy Feast. (The shyer ones required sardines.) With the help of a handful of volunteers, she caught 12 the first night.

“It was like camping and being a new mom,” Ms. McMinn said of the long night before the American Society for the Prevention of Cruelty to Animals showed up to take the cats to be neutered. “All the cats would yowl if one of the other ones pooped, so I was waking up every 10 to 30 minutes.”

The newly neutered felines were all returned to her; she had to let them recover for a few days in her room before they could go back outside. Now the cats come and go from the backyard but without any new kittens in tow.",other,mainstream
11,"The Link Between Water Fluoridation and ADHD

The evidence from a new scientific research study shows that children who live in water districts where the water supply is systematically fluoridated suffer with ADHD at a significantly higher rate.

For those who are not initiated in the realm of medical statistics, the number of additional diagnoses cited above is extraordinary by any standard of measurement. This study conclusively demonstrates that fluoride exposure among children and adolescents has significant consequences, primarily because of their formative stage of growth and development.

Drinking fluoridated water as a child certainly increases the likelihood that both the assimilation and uptake of a toxic chemical will start a process of bioaccumulation at a young age. Because young bodies are smaller and more sensitive, there is considerably less body mass to buffer the adverse effects of fluoride (such as fluoride lowering IQ).

Pharma Drugs for ADHD are Worse than the Disorder

There are many other scientifically documented health conditions associated with fluoride intake which are much more serious than ADHD. However, it is the medical treatment(s) for ADHD which often clearly cause even more serious future health problems for these fluoridated children.

The various pharmaceutical medications that are routinely prescribed for ADHD are both powerful and dangerous over the long term. Drugs like Adderall, Ritalin, and Wellbutrin each have their long list of adverse side effects. What is not listed in the prescription drug side effects summary are those symptoms that are unique to the child because of their individual biochemistry or genetic predispositions. Nor are those allergic reactions which often develop with the long term usage of these drugs.

The vast majority of “water authorities use pharmaceutical grade fluoride; they use hydrofluosilicic acid—a toxic waste product of the fertilizer industry that is frequently contaminated with heavy metals and other toxins.” [3] This particular factoid is perhaps the most alarming about the whole water fluoridation program. What could be worse than exposing highly active adolescents to chemical compounds and toxins which will only contribute to hyperactivity?

Attention deficit hyperactivity disorder has been on the rise ever since water districts nationwide have been approving fluoridation regimes. By implementing these water-polluting programs under the guise of a preventative measure for childhood caries, they are often blindly accepted by uniformed parents.

The voters have actually been duped into passing this harmful form of water treatment. The Big Agra corporations which produce this toxic waste have no other use for it, ‘so why not put it in the water.’ This is where they have had to collude with the water district authorities, as well as other city representatives.

Perhaps now that the children of those districts, which add higher amounts of fluoride to the water, are showing signs of even more hyperactivity, the official posture will change. Surely, as more wake up to the truth about the dangers and harm associated with drinking fluoridated water, a sea change in policy will occur.

Hypothyroidism, in particular, can contribute to a whole host of other medical conditions and health problems (here are 7 hypothyroidism natural treatments). When synthetic thyroid is prescribed to treat cases of hypothyroidism, an ADHD-like symptom can result from over-taking the thyroid on a regular basis. Because this popular drug produces side effects that actually mimic ADHD, it is important to stop all synthetic thyroid usage before obtaining a diagnosis.

Like Waking Times on Facebook. Follow Waking Times on Twitter.

~~ Help Waking Times to raise the vibration by sharing this article with friends and family…",vaccine,conspiracy
12,"Legendary gold and market expert Jim Sinclair says the virus that originated in China may have, oddly enough, done some good. Sinclair explains, “The effect of the coronavirus was literally to shut down business globally, therefore, shut off the demand for loans, which also shut off demand for short term money. So, what the public has not seen, is not considering and does not understand is we were stepping into the door of a major financial crisis magnitudes larger than what happened in 2008 and 2009. It’s a horrible thing that this virus occurred, but if it had not occurred, we would have been in a crisis much more serious than 2008 and 2009. . . . It was blowing sky high . . . . Shutting down demand is all we could do. It stopped the explosion of interest rates.”

Where do we go from here? Sinclair says, “We are going to make a recovery. It’s not going to be a ‘V’ by any means. The stock market could be a ‘V’ because the stock market has very little to do with reality. . . . As far as business is concerned, very serious damage has been done to the infrastructure to the business equation. Many employers are gone. Many corporations have significant readjustments to be able to build up again. The supply lines and logistics, where did everything come from? China. . . . This is a major worldwide adjustment, both economically and politically. . . . We had everything made in the cheapest place possible. . . . This is not a passing phenomenon. . . . The only thing that has been steady is gold. . . . The change that this brings about is a reconstruction of the basic business foundations. It’s a start over, it’s not just a slowdown. How many restaurants make money on 50% of the clients? You can’t. How many automobiles have built up on the lots? Enormous amounts. How many clothing stores shut down full of winter clothes and can’t make the shift to summer wear? You can go down the entire line. So, this recovery will be more like an ‘L’. We’ve come straight down, and we are going to go sideways now. . . . Many businesses are not going to open up again. . . .The idea of the coming inflation as a result of this is simple. Everything that you need will go up in price. Everything you don’t need is not going to hold value. You are better off with a freezer full of fine cuts of beef than you are with a brand new Tesla. The beef will go up in price, the Tesla will go down.”

On gold, Sinclair says the ultimate price is an easy-to-calculate math problem. How much gold does America have compared to how much debt it has? So, how high could gold ultimately go? Sinclair says, “It’s simple math. You take the amount of gold the U.S. says it has, and then you take the debt it has, and what price would you need for the debt to balance to zero? The price on the low end is $50,000 per ounce. The true price is $87,500 per ounce.”

Is a biblical debt jubilee coming to America? Sinclair says, “We already have jubilees. If you don’t pay your rent, you have a jubilee. If you don’t pay your student loan, you have a jubilee. If the payment of your auto insurance is postponed, you have a jubilee. We’ve got jubilee after jubilee after jubilee. Keep in mind, one man’s jubilee is another man’s disaster. It’s almost as if the Bible is correct in terms of economics. Also, keep in mind, the people who aren’t being paid are being hurt very badly.”

Sinclair thinks the recovery will take a decade or longer, and Sinclair says, “It will be just like the period between 1929 up to WWII (1941).”

Join Greg Hunter as he goes One-on-One with renowned gold expert Jim Sinclair.

Sinclair did call back in and said his power was knocked out for a short while. He also added, “I will give the re-election of President Trump a 50/50 chance. Trump knows what he has to do, and that is bring the economy back. If he does that, Trumps re-election will be a slam dunk. If Trump is not re-elected, the game board breaks.”

If you want to know about Sinclair’s company that he talked about and news that gold is finally being brought up out of the ground, go to TanGoldCorp.com.

There is much free information, articles and analysis on the homepage of JSMineset.com. To get even more original information, articles and analysis, you can become a subscriber for $129 per year. Click here to be a subscriber to JSMineset.com.

This segment is sponsored by Discount Gold and Silver Trading. Ask for Melody Cedarstrom, the owner, at 1-800-375-4188.",vaccine,conspiracy
23949,"
• None North Korea Says It Has 'Cure' for MERS, Ebola, AIDS North Korea says it has developed a vaccine that is ""very effective"" in treating MERS, Ebola and AIDS, the state mouthpiece KCNA reported, as well as a range of other diseases that modern medicine is yet to find a cure for.
• None Ka Lar Nar caught malaria for the sixth time when he was working away from home on his small farm in the jungle of south-eastern Myanmar but this time it was a lot harder to get rid of it.
• None A Cuban doctor who contracted Ebola in Sierra Leone has arrived in Switzerland for treatment.
• None Mandatory quarantines ordered by some US states for doctors and nurses returning from West Africa's Ebola outbreak are creating a ""chilling effect"" on aid work there, the humanitarian aid group Doctors Without Borders said on Thursday.
• None Pledges of financial aid to fight Ebola have fallen far short of the $1 billion needed by the United Nations, with only one quarter of the amount raised, a UN official said on Friday.
• None The presidents of three Ebola-stricken West African nations sought an immediate outpouring of money, doctors and hospital beds, and representatives nations gathered at a World Bank meeting Thursday promised to send more aid quickly, including a pledge of medical evacuations for health care responders who catch the virus.
• None India Among Top Five Financial Contributors to Ebola Response India is among the top five contributors to the UN Ebola response with a contribution of USD 12.5 million, according to a fact sheet released by US Secretary of State John Kerry in Washington.
• None A survivor of Ebola has donated blood to an American aid worker infected with the disease, and doctors treating him at a Nebraska hospital say he has responded well to the aggressive treatment.",vaccine,mainstream
23951,"rom her laboratory in the far western reaches of Montana, Elizabeth Fischer is trying to help people see what they’re up against in COVID-19.

Over the past three decades, Fischer, 58, and her team at the Rocky Mountain Laboratories, part of the National Institutes of Health’s (NIH) National Institute of Allergy and Infectious Diseases, have captured and created some of the more dramatic images of the world’s most dangerous pathogens.

“I like to get images out there to try to convey that this is an entity, to try to demystify it, so this is something more tangible for people,” says Fischer, one of the country’s leading electron microscopists.

Now, as her renderings of the coronavirus flash across screens worldwide, she says: “You often hear people call it the invisible enemy. It’s trying to put that face out there.” Working in one of the nation’s 13 “Biosafety Level 4” labs—those equipped to safely handle the most dangerous pathogens—Fischer and her team visualize the world’s deadliest plagues from Ebola to HIV, salmonella to SARS-CoV-2, the coronavirus that causes COVID-19.

The breathtaking images allow people to see a virus as elaborate biological structures with weaknesses that can be exploited, yielding clues for researchers about how to develop treatments and vaccines.

Originally from Evergreen, Col., Fischer completed a degree in biology at the University of Colorado-Boulder and contemplated going to medical school, before deciding instead to join the Peace Corps. She taught math and science for two years in Liberia, and then took time to travel through East Africa and Asia, including a trek into the Himalayas. Returning to Colorado, she immersed herself in the outdoor world she loved. She worked as a rafting guide on the Arkansas River for several summers, and as a children’s ski instructor at the Monarch Mountain ski resort during the winters.

She later enrolled in graduate school to study education, thinking she might teach biology. But when she took courses in electron microscopy, she was hooked.

It appealed to her sense of exotic adventure. “You’re looking at a world that most people don’t get to see,” she says. She switched gears and completed a master’s degree in biology.

Upon graduation, she sent her resume to a national microscopy job placement office and soon received a call from Rocky Mountain Laboratories. In 1994, she moved with her family to Hamilton, a city of fewer than 5,000 people about 50 miles south of Missoula, then worked her way up to become chief of the lab’s microscopy unit.

Some of the more stunning images of the coronavirus—about 10,000 times smaller than the width of a human hair—have come from Fischer’s microscope. One is Fischer’s photograph of viral particles being released from a dying cell infected with the virus.

As NIH director Dr. Francis Collins recently highlighted in his blog, the photo shows the orange-brown folds and protrusion on the surface of a primate’s kidney cell infected with SARS-CoV-2. The dozens of small, blue spheres emerging from the surface are the virus particles themselves. (The images produced by the electron microscopes are black-and-white, so Fischer hands them over to visual artists who colorize the image to help identify different parts of the cell and to distinguish the virus from its host.)

“This image gives us a window into how devastatingly effective SARS-CoV-2 appears to be at co-opting a host’s cellular machinery,” Collins wrote. “Just one infected cell is capable of releasing thousands of new virus particles that can, in turn, be transmitted to others.”

Scientists like Fischer have used electron microscopes to uncover the unseen world of viruses and bacteria dating to the 1930s. In the past two decades, however, new technologies have unleashed a resolution revolution, allowing researchers to see down to the near-atomic level. Microscopists have come up with better ways to prepare samples for viewing and have written sophisticated software programs to sharpen images.

Through her lab, Fischer receives samples from all over the world, and was sent viral material from SARS-CoV-2 in early February from one of the first U.S. patients to be infected. Often, her samples come from vials that have been stored in a freezer for decades, or from cultures routinely grown in a lab. “It’s very sobering when you know it came from a human patient.”

For example, in 2014, a sister lab in Mali sent over an Ebola sample from a 2-year-old girl who had lived in Guinea when her mother died of the disease. Her grandmother traveled from Mali to attend the funeral, which involved touching and bathing the body, and to take the girl home with her. Both got infected and brought the virus back with them as they returned to Mali by public transportation. They both died.

“This one particular cell, it looked like the continent of Africa,” Fischer recalls. “It was a very powerful moment. You see that virus growing in there, it takes you back around to not only the lab work we do, but that there’s an impact on human health.”

Despite viruses’s deadly nature, she still appreciates the “beautiful symmetry in many of them,” she says: “They’re very elegant, and they’re not malicious in and of themselves. They’re just doing what they do.”

(KHN) is a nonprofit news service covering health issues. It is an editorially independent program of the Kaiser Family Foundation that is not affiliated with Kaiser Permanente.",vaccine,mainstream
23950,"Roseanne Barr has shared a wild conspiracy theory suggesting the coronavirus outbreak is a plot to kill off rich boomers.

The US comedian, 67, made the outlandish claims during an appearance on Norm MacDonald's YouTube series Quarantined With Norm MacDonald this weekend.

During a chat on the show, she was asked for her thoughts on the Covid-19 outbreak and Rosanne came up with a bizarre suggestion that it's part of a plot to ""get rid of"" her generation.

She said: ""You know what it is, Norm? I think they're just trying to get rid of all my generation.

""The boomer ladies that, you know, that inherited their, you know, are widows.

""They inherited the money, so they got to go wherever the money is and figure out a way to get it from people.""

The host, former Saturday Night Live star, Norm, 60, appeared to agree with her, replying: ""There's so many boomers that have money and do no work.

""So if you got them out of society, that would be a good thriller.""

Rosanne has long championed bizarre far-right conspiracy theories, famously accusing Bill and Hillary Clinton's daughter Chelsea of being married to a nephew of billionaire philanthropist George Soros.

Chelsea, who is married to banker Marc Mezvinsky, had to tweet a correction, writing: ""Good morning Roseanne - my given middle name is Victoria.

""I’m just not married to one. I am grateful for the important work @OpenSociety does in the world. Have a great day! ""

The former sitcom star took her political leanings forward by running for US President in 2012 as a nominee for the Peace and Justice Party.

During her run, she accused the Obama administration of ""contriving"" the Boston Marathon bombing in a bid to ""remove the 2nd amendment"".",vaccine,mainstream
14,"The stage is set. The conditions are perfect. The New World Order is prepared to use fire as a primary method of control to rid the state of California of its human inhabitants and to destroy what remains of California’s ability to provide food for itself and the rest of the country.

It has been very well documented that the current drought plaguing California has been engineered by spraying hundreds of tons of nano aluminum in the atmosphere coupled with the use of atmospheric ionic heaters also known as HAARP to create high pressure zones over the state while migrating the moisture that would normally fall on the state to other areas of the country east of California.

Is it just a coincidence that these programs are being deployed in an effort to deprive California of water while at the same time Agenda 21 states that it’s goal is to re-wild America? Is it also coincidence that our government uses weather as a weapon of war to drought out countries that don’t comply and use the U.S. dollar as it’s primary currency when purchasing oil? What is one of the first methods our government uses to soften up a country before a planned invasion is to take place? They attack the offending nations food and water supply.

The United States is under attack. Not by a shadowy group that we can never quite identify that is seemingly unbeatable but rather by a group of multinational corporations and banks that have publicly declared war on freedom and our way of life. When you look at the totality of what is happening to us it becomes clear that we are not dealing with raging incompetence but rather a very well orchestrated effort to undermine our Constitution and bring America to it’s knees. Let’s look at the various methods used to subjugate and domesticate our population rendering us incapable of living independently by producing our own food and electricity.

 

 1. Our Education system is under attack. Through the implementation of common core it becomes obvious that there is a deliberate effort to control what our kids are taught completely gutting our classical form of education. It should be clear that there is a deliberate dumbing down of America.

2. Our Environment is under attack. By spraying America with hundreds of tons of nano aluminum and barium and by introducing toxic fluoride into our public water supply our ability to think clearly, to reproduce and to grow our own food is greatly impaired.

3. Our Medical system is under attack. The passage of the affordable care act (obamacare) is literally destroying the quality of care in the U.S. by forcing doctors to follow government directives when rendering medical assistance to their patients rather than relying on their instincts and training to care for their customers.

4. Our Financial system is under attack. In 2008 when the housing bubble collapsed and our financial system failed our corrupt congress, despite receiving 99-1 calls against, bailed out the banks to the tune of TRILLIONS of our dollars and allowed companies that should have failed to continue to operate against all the rules of a competitive capitalist system. Our economy is a hoax controlled and manipulated by the big banks.

5. Our Justice system is under attack. Do you think it’s just a coincidence that only the little people ever get in trouble and go to jail? Don’t you find it odd that not ONE person was fired or even arrested as a result of the 9/11 attacks? Don’t you think it’s just a little strange that not ONE person was arrested and convicted for what happened in 2008? The federal government has a 98% conviction rate when they decide to single you out and prosecute you. Does that sound like justice to you?

6. Our Species is under attack. Just about everything our government promotes is designed to render us infertile and is designed to shorten our lives. This is called the soft kill method of population control. Have you noticed that fertility centers are popping up all over the place and everyone has cancer?

California is ground zero. The primary beta testing area for all of these programs. While over run with illegal aliens and taxed to the max California bans homeschooling for it’s citizens. While being inundated with radiation from Fukushima and cutting off water to the central valley destroying hundreds of producing farms California says they can vaccinate your kids at school without your knowledge or consent. While gang crime is exploding statewide California is disarming it’s citizens leaving them defenseless against criminal thugs.

Yeah, we’re under attack all right and California is the epicenter of this anti American agenda. Paid government agents along with phsycho anti human obama zombies will start fires this year and their goal is to drive you off the land and into small compact smart cities where you have no privacy and are tightly controlled just like the movie The Island.

Why else would these crazy maniacs be spraying your state with a highly incendiary substance like aluminum? It’s perfect for creating hotter fires that burn out of control for much longer. Do you get it now?",climate change,conspiracy
13,"REPORT: Corrupt FBI covering up the crimes of Jeffrey Epstein

After decades of examples, leading all the way back to the Clinton administration, it should be obvious by now that the Deep State — the cabal of government officials, agencies, careerists, politicians, intelligence personnel, and even media types — have completely corrupted all government institutions while stacking the deck to keep ‘outsiders’ from power.

That all changed, of course, when Donald Trump upset the apple cart and managed to capture the will of the people and defeat the most corrupt, yet unindicted, presidential contender in the history of the country — Hillary Clinton.

The Deep State has been gunning for Trump ever since with one fake scandal after another. “Spygate” and “Russian collusion” were both designed specifically to depose the president like you would in a banana republic.

The latest iteration of this Deep State attempt to get rid of Trump is the “Ukraine scandal” in which the president has been accused of doing exactly what former Vice President Joe Biden did: Threaten to withhold aid from that country unless its government bent to his wishes and stopped investigating a company paying his son, Hunter, fifty grand a month.

One of the most corrupted government agencies, though, is the FBI and, by default, it’s ‘governing’ body, the Justice Department. We saw that in Spygate: Top-ranking FBI officials including Director James Comey, Deputy Director Andrew McCabe, counterintelligence chief Peter Strzok, and top lawyer Lisa Page were all involved in the attempt to prevent Trump from beating Hillary.

Now, according to John Mark Dougan, a former Florida deputy sheriff who fled to Moscow after federal agents raided his home, the FBI is covering for Britain’s Prince Andrew over his role in the child sex crimes of the late billionaire Jeffrey Epstein.

As reported by the UK’s Daily Mail, Dougan says he has hundreds of hours of video footage from Epstein’s Florida mansion, where several women say they were paid to have sex when they were minors.

“I’m certain the FBI is involved in some kind of cover-up over Epstein,” Dougan told the Times of London, via The Gateway Pundit. “That could absolutely include Andrew’s role, or it could be that senior FBI people visited the house and don’t want to reveal that.”

Dougan, a former Marine, has been in Moscow seeking asylum so he can avoid being arrested in the U.S. for alleged computer hacking. He says he still has a lot of evidence despite being raided.

“The FBI got hold of all the data I have when they raided me. My copies of the files will never be released unless something untoward happens to me,” he said.

When asked by the Daily Mail what kind of information he still has, he responded: “Do I have dirt on Prince Andrew? I have lots of things.”

Russia, mind you, has no extradition treaty with the U.S.; most European nations do.

He also told the Times it is “ridiculous” to believe that he’s handed over his evidence to Russian authorities. “I’m not a Kremlin agent and I did not share any materials with the Russian Government. I don’t intend to blackmail anyone with my information. It’s against my principles,” he said. (Related: Isn’t it obvious? Jeffrey Epstein was murdered because dead men don’t talk (about the Clintons.)

In a statement to the press, Dougan said that the files still in his possession are encrypted. He also noted that the codes to open those files are spread out around the world among friends and associates “as an insurance policy.”

But he has put in place a system for opening the files and getting them publicized should he ‘unexpectedly’ die or go missing (he’s just 42).

“The Epstein files will stay secret and unreadable to everyone,” he said. “I do not have a physical copy in my immediate possession because of security reasons.”

Meanwhile, the FBI apparently possesses a treasure trove of information that could — and should — implicate high-ranking officials in other countries including Prince Andrew.

He’s been accused of having underage sex with Virginia Roberts Giuffre, then 17, who recently made an appearance on “Dateline.”",pizzagate,conspiracy
